[
  {
    "id": 0,
    "name": "Bitter Murmur",
    "code": "bittermurmur",
    "killerCode": "all",
    "killerName": "All",
    "description": "Unlocks potential in your Aura-reading ability:\nEach time a Generatoris completed, the Auras of all Survivors within 16 meters of that Generator are revealed to you for 5 seconds.\nOnce the last Generator is completed, the Auras of all Survivors are revealed to you for 5/7/10 seconds.",
    "icon": "https://static.wikia.nocookie.net/deadbydaylight_gamepedia_en/images/5/5a/IconPerks_bitterMurmur.png"
  },
  {
    "id": 1,
    "name": "Claustrophobia",
    "code": "claustrophobia",
    "killerCode": "all",
    "killerName": "All",
    "description": "Your ties to the Entity manifest when your prey attempts to get away.\nWhenever a Generator is completed, all Windows and Vault locations within 32 meters of it become blocked for all Survivors for the next 20/25/30 seconds.\nThe Auras of the block Vault locations are revealed to you for the duration.",
    "icon": "https://static.wikia.nocookie.net/deadbydaylight_gamepedia_en/images/c/c6/IconPerks_cruelLimits.png"
  },
  {
    "id": 2,
    "name": "Deerstalker",
    "code": "deerstalker",
    "killerCode": "all",
    "killerName": "All",
    "description": "Unlocks potential in your Aura-reading ability:\nThe Auras of all Survivors in the Dying State within 20/28/36 meters of your location are revealed to you.",
    "icon": "https://static.wikia.nocookie.net/deadbydaylight_gamepedia_en/images/0/01/IconPerks_deerstalker.png"
  },
  {
    "id": 3,
    "name": "Distressing",
    "code": "distressing",
    "killerCode": "all",
    "killerName": "All",
    "description": "Your horrifying emanation strikes at a supernaturally long distance.\nIncreases your Terror Radius by 22/24/26%.\nGrants 100% bonus Bloodpoints for all actions in the DeviousnessCategory.",
    "icon": "https://static.wikia.nocookie.net/deadbydaylight_gamepedia_en/images/9/94/IconPerks_distressing.png"
  },
  {
    "id": 4,
    "name": "Fearmonger",
    "code": "fearmonger",
    "killerCode": "all",
    "killerName": "All",
    "description": "Your distressing presence drains and weakens your prey.\nWhenever a Survivor is repairing a Generator, they suffer from the Blindness and Exhausted Status Effects.\nIf the Survivor is already Exhausted, their Status Effect's timer will be paused.\nThe Status Effect lingers for 3/4/5 seconds after the Survivor stops repairing.",
    "icon": "https://static.wikia.nocookie.net/deadbydaylight_gamepedia_en/images/0/0f/IconPerks_mindbreaker.png"
  },
  {
    "id": 5,
    "name": "Hex: No One Escapes Death",
    "code": "hexnooneescapesdeath",
    "killerCode": "all",
    "killerName": "All",
    "description": "A Hex rooting its power on hope.\nYou are animated by the power of your Hex Totem when the Survivors are on the verge of escaping.\nOnce the Exit Gates are powered and there is at least one Dull Totem remaining in the environment, Hex: No One Escapes Death activates and lights its Totem:\nIncreases your Movement speed by 2/3/4%.\nSurvivors suffer from a permanent Exposed Status Effect.\nHex: No One Escapes Death remains inactive if no Dull Totems are available.\nThe Hex effects persist as long as the related Hex Totem is standing.\n\"And the beast became faster and more powerful as if The Entity's shadowy whips were lashing at its back.\"",
    "icon": "https://static.wikia.nocookie.net/deadbydaylight_gamepedia_en/images/a/af/IconPerks_hexNoOneEscapesDeath.png"
  },
  {
    "id": 6,
    "name": "Hex: Thrill of the Hunt",
    "code": "hexthrillofthehunt",
    "killerCode": "all",
    "killerName": "All",
    "description": "A Hex rooting its power on hope.\nThe false hope of Survivors fills you with excitement and strengthens your Totems.\nFor each Totem remaining in the environment, Hex: Thrill of the Hunt gains 1 Token.\nSurvivors suffer from a stack-able 8/9/10% Action Speed penalty per Token to Cleansing and Blessing, up to a maximum of 40/45/50%.\nGrants a stack-able 10% bonus Bloodpoints for actions in the Hunter Category per Token, up to a maximum of 50%.\nThe Hex effects persist as long as the related Hex Totem is standing.",
    "icon": "https://static.wikia.nocookie.net/deadbydaylight_gamepedia_en/images/0/02/IconPerks_hexThrillOfTheHunt.png"
  },
  {
    "id": 7,
    "name": "Insidious",
    "code": "insidious",
    "killerCode": "all",
    "killerName": "All",
    "description": "Unlocks your stealth ability:\nGrants the Undetectable Status Effect after standing still for 4/3/2 seconds and until you are moving again.",
    "icon": "https://static.wikia.nocookie.net/deadbydaylight_gamepedia_en/images/4/40/IconPerks_insidious.png"
  },
  {
    "id": 8,
    "name": "Iron Grasp",
    "code": "irongrasp",
    "killerCode": "all",
    "killerName": "All",
    "description": "Your powerful grasp on Survivors causes escapes to be nearly impossible.\nWhile carrying a Survivor you benefit from the following effects:\nDecreases Wiggle effects, which cause you to strafe sideways, by 75%.\nIncreases Wiggle duration by 4/8/12%.",
    "icon": "https://static.wikia.nocookie.net/deadbydaylight_gamepedia_en/images/1/14/IconPerks_ironGrasp.png"
  },
  {
    "id": 9,
    "name": "Jolt",
    "code": "jolt",
    "killerCode": "all",
    "killerName": "All",
    "description": "Your eerie presence charges the air and interferes with technology.\nWhen you put a Survivor into the Dying State with your Basic Attack, all Generators within 32 meters of you instantly explode and start regressing.\nApplies an immediate 8% Progression penalty.\nJolt has a cool-down of 60/50/40 seconds.",
    "icon": "https://static.wikia.nocookie.net/deadbydaylight_gamepedia_en/images/3/3b/IconPerks_surge.png"
  },
  {
    "id": 10,
    "name": "Monstrous Shrine",
    "code": "monstrousshrine",
    "killerCode": "all",
    "killerName": "All",
    "description": "Your fervent care of the Hooks found in the Basement has aroused The Entity's interest.\nThe Basement Hooks possess the following benefits:\nAccelerates Sacrifice Progression by 3/6/9%.\nIncreases Self-Unhook difficulty by 5/10/15%.\nIncreases Self-Unhook penalty by 3/6/9%.\n\"Then you will know that there is no escape. When hanging in the depths, you face the dark one.\"",
    "icon": "https://static.wikia.nocookie.net/deadbydaylight_gamepedia_en/images/f/f5/IconPerks_monstrousShrine.png"
  },
  {
    "id": 11,
    "name": "Sloppy Butcher",
    "code": "sloppybutcher",
    "killerCode": "all",
    "killerName": "All",
    "description": "You know where to hit to make them bleed.\nWounds inflicted by Basic Attacks cause Survivors to suffer from the Hemorrhage and Mangled Status Effect:\nIncreases the Bleeding frequency by 50/75/100%.\nIncreases the rate at which incomplete Healing loses progression by 15/20/25%.\nBoth Status Effects are removed once the Survivor is fully healed.\n\"It is in its sadistic nature. There is no swift kill as it delights in the obscene spectacle of our agonising suffering.\"",
    "icon": "https://static.wikia.nocookie.net/deadbydaylight_gamepedia_en/images/5/5a/IconPerks_sloppyButcher.png"
  },
  {
    "id": 12,
    "name": "Spies from the Shadows",
    "code": "spiesfromtheshadows",
    "killerCode": "all",
    "killerName": "All",
    "description": "The Crows found in the Trial Grounds can communicate with you directly.\nCrows startled by Survivors within 20/28/36 meters alert you with a Loud Noise Notification.\nSpies from the Shadows has a cool-down of 5 seconds between alerts.\n\"In the shadows they torment, scarring our minds with each scream.\"",
    "icon": "https://static.wikia.nocookie.net/deadbydaylight_gamepedia_en/images/b/b1/IconPerks_spiesFromTheShadows.png"
  },
  {
    "id": 13,
    "name": "Unrelenting",
    "code": "unrelenting",
    "killerCode": "all",
    "killerName": "All",
    "description": "You recuperate faster from missed attacks made with your main weapon.\nReduces the Cool-down of missed Basic Attacks by 20/25/30%.",
    "icon": "https://static.wikia.nocookie.net/deadbydaylight_gamepedia_en/images/5/57/IconPerks_unrelenting.png"
  },
  {
    "id": 14,
    "name": "Whispers",
    "code": "whispers",
    "killerCode": "all",
    "killerName": "All",
    "description": "You have a rudimentary understanding of The Entity's voice.\nYou hear the sporadic whispers of the Entity whenever at least one Survivor is within 48/40/32 meters of your location.\n\"It is unclear as to the motivations of The Fog, but it is undeniable that it often takes the beast's side.\" — Unknown, Notebook",
    "icon": "https://static.wikia.nocookie.net/deadbydaylight_gamepedia_en/images/b/bb/IconPerks_whispers.png"
  },
  {
    "id": 15,
    "name": "Unnerving Presence",
    "code": "unnervingpresence",
    "killerCode": "thetrapper",
    "killerName": "The Trapper",
    "description": "Your presence alone instils great fear.\nSurvivors repairing or healing within your Terror Radius suffer from the following effects:\nIncreases the Trigger odds of Skill Check by 10 %.\nDecreases the Success zone of Skill Checks by 40/50/60%.\n\"Its presence befalls us.\"",
    "icon": "https://static.wikia.nocookie.net/deadbydaylight_gamepedia_en/images/a/a4/IconPerks_unnervingPresence.png"
  },
  {
    "id": 16,
    "name": "Brutal Strength",
    "code": "brutalstrength",
    "killerCode": "thetrapper",
    "killerName": "The Trapper",
    "description": "Your great strength allows you to shred through your prey's defences.\nIncreases the Action speed of breaking Pallets and Breakable Walls, and damaging Generators by 10/15/20%.\n\"It is more than muscles. A dark power motivates the beast.\"",
    "icon": "https://static.wikia.nocookie.net/deadbydaylight_gamepedia_en/images/3/3d/IconPerks_brutalStrength.png"
  },
  {
    "id": 17,
    "name": "Agitation",
    "code": "agitation",
    "killerCode": "thetrapper",
    "killerName": "The Trapper",
    "description": "You get excited in anticipation of hooking your prey.\nWhile carrying a Survivor you benefit from the following effects:\nIncreases your Carrying Movement speed by 6/12/18%.\nIncreases your Terror Radius by 12 meters.\n\"At some point, the excitement of hooking one of us becomes more important than the desire to kill us.\"",
    "icon": "https://static.wikia.nocookie.net/deadbydaylight_gamepedia_en/images/a/ac/IconPerks_agitation.png"
  },
  {
    "id": 18,
    "name": "Predator",
    "code": "predator",
    "killerCode": "thewraith",
    "killerName": "The Wraith",
    "description": "Your acute tracking ability allows you to hone in on disturbances left by running Survivors.\nThe Scratch Marks left by Survivors spawn slightly/moderately/considerably closer together.\n\"Never stop moving and hope you're always two steps ahead of the beast.\" — Unknown, Notebook",
    "icon": "https://static.wikia.nocookie.net/deadbydaylight_gamepedia_en/images/7/73/IconPerks_predator.png"
  },
  {
    "id": 19,
    "name": "Bloodhound",
    "code": "bloodhound",
    "killerCode": "thewraith",
    "killerName": "The Wraith",
    "description": "Like a hunting scent hound, you smell traces of blood at a great distance.\nPools of Blood are shown in bright red and can be tracked for 2/3/4 seconds longer than normal.\n\"Pebbles shimmering in the moonlight; my life drips down in a trail so easy to follow.\"",
    "icon": "https://static.wikia.nocookie.net/deadbydaylight_gamepedia_en/images/e/e0/IconPerks_bloodhound.png"
  },
  {
    "id": 20,
    "name": "Shadowborn",
    "code": "shadowborn",
    "killerCode": "thewraith",
    "killerName": "The Wraith",
    "description": "You have a keep vision in the darkness of the night.\nIncreases your Field of View by 9/12/15°.\nField of View gains do not stack.\n\"Shining in the darkest dark, his eyes pierce the night and sting your soul.\"",
    "icon": "https://static.wikia.nocookie.net/deadbydaylight_gamepedia_en/images/a/ac/IconPerks_shadowborn.png"
  },
  {
    "id": 21,
    "name": "Enduring",
    "code": "enduring",
    "killerCode": "thehillbilly",
    "killerName": "The Hillbilly",
    "description": "You are resilient to pain.\nReduces Pallet Stun duration by 40/45/50 %.\n\"He stops at nothing.\"",
    "icon": "https://static.wikia.nocookie.net/deadbydaylight_gamepedia_en/images/9/94/IconPerks_enduring.png"
  },
  {
    "id": 22,
    "name": "Lightborn",
    "code": "lightborn",
    "killerCode": "thehillbilly",
    "killerName": "The Hillbilly",
    "description": "Unlike other beasts of The Fog, you have adapted to light.\nThe Auras of Survivors attempting to blind you with a Flashlight are revealed to you for 6/8/10 seconds.\nLightborn grants immunity from being blinded by Flashlights, Firecrackers, Flashbangs, or Blast Mines.\n\"These monsters... they adapt! They emerge with strange new abilities.\" — Vigo, Vigo's Journal",
    "icon": "https://static.wikia.nocookie.net/deadbydaylight_gamepedia_en/images/4/48/IconPerks_lightborn.png"
  },
  {
    "id": 23,
    "name": "Tinkerer",
    "code": "tinkerer",
    "killerCode": "thehillbilly",
    "killerName": "The Hillbilly",
    "description": "Whenever a Generator is repaired to 70%, you benefit from the following effects:\nTriggers a Loud Noise Notification for that Generator, revealing its location.\nGrants the Undetectable Status Effect for the next 12/14/16 seconds.\n\"The Hillbilly makes impressive tools out of scraps. Tools aimed at maiming us in creative ways.\" — Notebook",
    "icon": "https://static.wikia.nocookie.net/deadbydaylight_gamepedia_en/images/d/d9/IconPerks_tinkerer.png"
  },
  {
    "id": 24,
    "name": "Stridor",
    "code": "stridor",
    "killerCode": "thenurse",
    "killerName": "The Nurse",
    "description": "You are acutely sensitive to the breathing of your prey.\nIncreases the volume of Survivors' Grunts of Pain by 25/50/50%.\nIncreases the volume of Survivors' regular breathing by 0/0/25%.\n\"If you do not stop and catch your breath... she will.\"",
    "icon": "https://static.wikia.nocookie.net/deadbydaylight_gamepedia_en/images/3/32/IconPerks_stridor.png"
  },
  {
    "id": 25,
    "name": "Thanatophobia",
    "code": "thanatophobia",
    "killerCode": "thenurse",
    "killerName": "The Nurse",
    "description": "Their courage fades in the face of their undeniable mortality.\nEach injured, dying, or hooked Survivor incurs a stack-able 4/4.5/5% penalty to all Survivors' Repairing, Sabotaging, and Cleansing Action speeds, up to a maximum of 16/18/20%.\n\"She plays with us and revels in our pain.\"",
    "icon": "https://static.wikia.nocookie.net/deadbydaylight_gamepedia_en/images/a/a2/IconPerks_thanatophobia.png"
  },
  {
    "id": 26,
    "name": "A Nurse's Calling",
    "code": "anursescalling",
    "killerCode": "thenurse",
    "killerName": "The Nurse",
    "description": "Unlocks potential in your Aura-reading ability.\nThe Auras of Survivors, who are healing or being healed, are revealed to you when they are within a range of 20/24/28 meters.\n\"Still attached to the fragments of her past life, she is drawn to those in need of help.\"",
    "icon": "https://static.wikia.nocookie.net/deadbydaylight_gamepedia_en/images/f/fe/IconPerks_aNursesCalling.png"
  },
  {
    "id": 27,
    "name": "Save The Best for Last",
    "code": "savethebestforlast",
    "killerCode": "theshape",
    "killerName": "The Shape",
    "description": "You become obsessed with one Survivor.\nEach time you hit a Survivor other than your Obsession with a Basic Attack, Save the Best for Last gains 1 Token, up to a maximum of 8 Tokens:\nGain a stack-able 5% Cool-down reduction on successful attacks per Token, up to a maximum of 40%.\nEach time you hit your Obsession with a Basic Attack, Save the Best for Last loses 4/3/2 Tokens.\nWhen the Obsession is sacrificed or killed, you can neither gain nor lose any more Tokens.\nYou can only be obsessed with one Survivor at a time.\n\"Death has come to your little town, Sheriff.\" — Dr Sam Loomis",
    "icon": "https://static.wikia.nocookie.net/deadbydaylight_gamepedia_en/images/6/6a/IconPerks_saveTheBestForLast.png"
  },
  {
    "id": 28,
    "name": "Play with Your Food",
    "code": "playwithyourfood",
    "killerCode": "theshape",
    "killerName": "The Shape",
    "description": "You become obsessed with one Survivor.\nEach time you chase your Obsession and let them escape, Play with Your Food recieves 1 Token, up to a maximum of 3 Tokens:\nEach Token applies a stack-able 3/4/5% Haste Status Effect, up to a maximum of 9/12/15%.\nPerforming Basic Attacks, or Special Attacks that can damage Survivors, consumes 1 Token.\nPlay with Your Food has a cool-down of 10 seconds on Token-accumulation.\nYou can only be obsessed with one Survivor at a time.\n\"You've fooled them, haven't you Michael? But not me.\" — Dr Sam Loomis",
    "icon": "https://static.wikia.nocookie.net/deadbydaylight_gamepedia_en/images/1/18/IconPerks_playWithYourFood.png"
  },
  {
    "id": 29,
    "name": "Dying Light",
    "code": "dyinglight",
    "killerCode": "theshape",
    "killerName": "The Shape",
    "description": "You become obsessed with one Survivor.\nEach time you hook a Survivor other than your Obsession, you gain 1 Token:\nFor as long as the Obsession is alive, all other Survivors suffer from a stack-able 2/2.5/3% penalty to Repairing, Healing, and Sabotaging speeds per Token, up to a maximum of 22/27.5/33% or 11 Tokens.\nThe Obsession is unaffected by this penalty and instead granted a permanent 33 % Action Speed bonus to Unhooking and Healing other Survivors.\nYou can only be obsessed with one Survivor at a time.\n\"This isn't a man...\" — Dr Sam Loomis",
    "icon": "https://static.wikia.nocookie.net/deadbydaylight_gamepedia_en/images/4/48/IconPerks_dyingLight.png"
  },
  {
    "id": 30,
    "name": "Hex: The Third Seal",
    "code": "hexthethirdseal",
    "killerCode": "thehag",
    "killerName": "The Hag",
    "description": "A Hex that hinders the Survivors' Aura-reading abilities.\nThe last 2/3/4 Survivors hit with either your Basic Attack or Special Attack suffer from the Blindness Status Effect.\nThe Hex effects persist as long as the related Hex Totem is standing.\n\"She touched your skin, you bear the witch's mark!\"",
    "icon": "https://static.wikia.nocookie.net/deadbydaylight_gamepedia_en/images/3/36/IconPerks_hexTheThirdSeal.png"
  },
  {
    "id": 31,
    "name": "Hex: Ruin",
    "code": "hexruin",
    "killerCode": "thehag",
    "killerName": "The Hag",
    "description": "A Hex that affects all Survivor's Generator Repair progress.\nAll Generators automatically regress at 100/150/200% of the normal Regression speed whenever they are not being repaired.\nThe Hex effects persist as long as the related Hex Totem is standing.\n\"A curse is upon you. It will cause your ruin.\"",
    "icon": "https://static.wikia.nocookie.net/deadbydaylight_gamepedia_en/images/a/a2/IconPerks_hexRuin.png"
  },
  {
    "id": 32,
    "name": "Hex: Devour Hope",
    "code": "hexdevourhope",
    "killerCode": "thehag",
    "killerName": "The Hag",
    "description": "A Hex rooting its power on hope.\nThe false hope of Survivors ignites your hunger.\nEach time a Survivor is rescued from a Hook when you are at least 24 meters away, Hex: Devour Hope receives 1 Token:\n2 Tokens: 10 seconds after hooking a Survivor, gain a 3/4/5 % Haste Status Effect for the next 10 seconds.\n3 Tokens: Survivors suffer permanently from the Exposed Status Effect.\n5 Tokens: You are granted the ability to kill all Survivors by your own hand.\nThe Hex effects persist as long as the related Hex Totem is standing.\n\"If you do nothing, you have their blood on your hands. If you save them, her hunger grows.\"",
    "icon": "https://static.wikia.nocookie.net/deadbydaylight_gamepedia_en/images/c/c9/IconPerks_hexDevourHope.png"
  },
  {
    "id": 33,
    "name": "Overwhelming Presence",
    "code": "overwhelmingpresence",
    "killerCode": "thedoctor",
    "killerName": "The Doctor",
    "description": "Your presence alone instils great fear.\nSurvivors within your Terror Radius suffer from inefficiency:\nWhen using an Item, its Depletion rate is increased by 80/90/100%.\n\"Shit!! I dropped the gauze!\"",
    "icon": "https://static.wikia.nocookie.net/deadbydaylight_gamepedia_en/images/9/9a/IconPerks_overwhelmingPresence.png"
  },
  {
    "id": 34,
    "name": "Monitor & Abuse",
    "code": "monitorandabuse",
    "killerCode": "thedoctor",
    "killerName": "The Doctor",
    "description": "Meticulous in your approach, terrifying in your application.\nYour base Terror Radius is increased by 8 meters.\nWhenever you are outside of a Chase, your Terror Radius is reduced by 16 meters while your Field of View is increased by 3/5/10°.\nField of View gains do not stack.\n\"Its time for your treatment!\" — Herman Carter, The Doctor",
    "icon": "https://static.wikia.nocookie.net/deadbydaylight_gamepedia_en/images/6/60/IconPerks_monitorAndAbuse.png"
  },
  {
    "id": 35,
    "name": "Overcharge",
    "code": "overcharge",
    "killerCode": "thedoctor",
    "killerName": "The Doctor",
    "description": "You are fuelled by your hate for progress.\nDamaging a Generator overcharges it:\nThe next Survivor interacting with it will be faced with a difficult Skill Check.\nFailing the Skill Check results in an additional Progression loss of 3/4/5%.\nSucceeding the Skill Check does not grant any bonus Progression.\n\"Its a trap, But a trap one must step in...\"",
    "icon": "https://static.wikia.nocookie.net/deadbydaylight_gamepedia_en/images/c/c3/IconPerks_overcharge.png"
  },
  {
    "id": 36,
    "name": "Beast of Prey",
    "code": "beastofprey",
    "killerCode": "thehuntress",
    "killerName": "The Huntress",
    "description": "Your lust for a kill is so intense that your connection with The Entity is momentarily lost, making you totally unpredictable.\nUpon gaining the Bloodlust Status Effect, Beast of Prey activates:\nGrants the Undetectable Status Effect for as long as Bloodlust is active.\nBeast of Prey grants 30/40/50% bonus Bloodpoints for actions in the Hunter Category.\nThe bonus Bloodpoints are only awarded during the Trial.\n\"Where did she go?\"",
    "icon": "https://static.wikia.nocookie.net/deadbydaylight_gamepedia_en/images/7/77/IconPerks_beastOfPrey.png"
  },
  {
    "id": 37,
    "name": "Territorial Imperative",
    "code": "territorialimperative",
    "killerCode": "thehuntress",
    "killerName": "The Huntress",
    "description": "Unlocks potential in your Aura-reading ability.\nThe Aura of a Survivor entering the Basement when you are at least 32 meters away is revealed to you for 3 seconds.\nTerritorial Imperative has a cool-down of 30/25/20 seconds.\n\"We're not safe anywhere...\"",
    "icon": "https://static.wikia.nocookie.net/deadbydaylight_gamepedia_en/images/2/2a/IconPerks_territorialImperative.png"
  },
  {
    "id": 38,
    "name": "Hex: Huntress Lullaby",
    "code": "hexhuntresslullaby",
    "killerCode": "thehuntress",
    "killerName": "The Huntress",
    "description": "A Hex rooting its power in despair.\nYour hunt is an irresistible song of dread which muddles your prey's attention.\nSurvivors receive a 2/4/6% Regression penalty on Failed Skill Checks for Repair and Healing actions.\nHex: Huntress Lullaby grows in power each time you Hook a Survivor, gaining 1 Token, and affecting Repair and Healing Skill Checks:\n1 Token: shortens the time between the Warning sound and the Skill check by 14%.\n2 Tokens: shortens the time between the Warning sound and the Skill check by 28%.\n3 Tokens: shortens the time between the Warning sound and the Skill check by 42%.\n4 Tokens: shortens the time between the Warning sound and the Skill check by 56%.\n5 Tokens: disables the Warning sound.\nThe Hex effects persist as long as the related Hex Totem is standing.\n\"That song, it drives me crazy!\"",
    "icon": "https://static.wikia.nocookie.net/deadbydaylight_gamepedia_en/images/1/11/IconPerks_hexHuntressLullaby.png"
  },
  {
    "id": 39,
    "name": "Knock Out",
    "code": "knockout",
    "killerCode": "thecannibal",
    "killerName": "The Cannibal",
    "description": "The trauma caused by your brutal attacks makes crying for help painfully difficult.\nWhen putting a Survivor into the Dying State with your Basic Attack:\nTheir Aura is not revealed to any Survivor farther away from them than 32/24/16 meters.\nFor the next 15 seconds, the dying Survivor suffers from a decreased Field of View, the Blindness Status Effect, and crawls 50% slower.\n\"Oh, that gun's no good. The old way... with a sledge! You see, that way's better. They die better that way.\" — Nubbins Sawyer",
    "icon": "https://static.wikia.nocookie.net/deadbydaylight_gamepedia_en/images/5/52/IconPerks_knockOut.png"
  },
  {
    "id": 40,
    "name": "Barbecue & Chilli",
    "code": "barbecueandchilli",
    "killerCode": "thecannibal",
    "killerName": "The Cannibal",
    "description": "A deep bond with The Entity unlocks potential in one's Aura-reading ability.\nAfter hooking a Survivor, all other Survivors' Auras are revealed to you for 4 seconds when they are farther than 40 meters from the Hook.\nEach time a Survivor is hooked for the first time, gain a stack-able 25% bonus to all Bloodpoint gains, up to a maximum of 50/75/100%.\nThe bonus Bloodpoints are only awarded post-Trial.\n\"I just can't take no pleasure in killing. There's just some things you gotta do. Don't mean you have to like it.\" — Drayton Sawyer",
    "icon": "https://static.wikia.nocookie.net/deadbydaylight_gamepedia_en/images/5/51/IconPerks_barbecueAndChilli.png"
  },
  {
    "id": 41,
    "name": "Franklin's Demise",
    "code": "franklinsdemise",
    "killerCode": "thecannibal",
    "killerName": "The Cannibal",
    "description": "Your vicious Basic Attacks make Survivors drop their Items on impact.\nIf not recovered within 150/120/90 seconds, the lost Items will have their Charges depleted by The Entity.\nThe Auras of lost Items are revealed to you within 32 meters and slowly fade from white to red as the timer elapses.\n\"Sally, I hear something. Stop! Stop!\" — Franklin Hardesty",
    "icon": "https://static.wikia.nocookie.net/deadbydaylight_gamepedia_en/images/b/b2/IconPerks_franklinsDemise.png"
  },
  {
    "id": 42,
    "name": "Fire Up",
    "code": "fireup",
    "killerCode": "thenightmare",
    "killerName": "The Nightmare",
    "description": "The increased pressure of losing your preys fills you with anger and gives you unsuspected motivation.\nEach time a Generator is completed, Fire Up grows in power.\nGain a stack-able 3/3.5/4% Action Speed bonus to picking-up and dropping Survivors, breaking Pallets and Breakable Walls, damaging Generators, and vaulting Windows, up to a maximum of 15/17.5/20%.\n\"Now why don't you just fucking die?\" — Freddy Krueger",
    "icon": "https://static.wikia.nocookie.net/deadbydaylight_gamepedia_en/images/5/5c/IconPerks_fireUp.png"
  },
  {
    "id": 43,
    "name": "Remember Me",
    "code": "rememberme",
    "killerCode": "thenightmare",
    "killerName": "The Nightmare",
    "description": "You become obsessed with one Survivor.\nEach time the Obsession loses a Health State, Remember Me gains 1 Token:\nIncreases the Opening time of both Exit Gates by 4 seconds per Token, up to a maximum of 8/12/16 additional seconds.\nThe Obsession remains unaffected by this penalty.\nYou can only be obsessed with one Survivor at a time.\n\"You don't remember? You must. You're my number one, and you'll never wake up again.\" — Freddy Krueger",
    "icon": "https://static.wikia.nocookie.net/deadbydaylight_gamepedia_en/images/6/62/IconPerks_rememberMe.png"
  },
  {
    "id": 44,
    "name": "Blood Warden",
    "code": "bloodwarden",
    "killerCode": "thenightmare",
    "killerName": "The Nightmare",
    "description": "As soon as one Exit Gate is opened, Blood Warden activates.\nThe Auras of Survivors standing within the Exit-Gate area are revealed to you.\nOnce per Trial, hooking a Survivor while Blood Warden is active calls upon The Entity to block the exits for all Survivors for 30/40/60 seconds.\n\"This is my world. And you can't ever leave.\" — Freddy Krueger",
    "icon": "https://static.wikia.nocookie.net/deadbydaylight_gamepedia_en/images/e/eb/IconPerks_bloodWarden.png"
  },
  {
    "id": 45,
    "name": "Hangman's Trick",
    "code": "hangmanstrick",
    "killerCode": "thepig",
    "killerName": "The Pig",
    "description": "Unlocks potential in your Aura-reading ability and your ingenious modifications to Hooks alert you of tampering.\nGain a Loud Noise Notification whenever a Survivor begins sabotaging a Hook.\nWhile carrying a Survivor, see the Aura of any Survivor within 2/4/6 meters of any Hook.\n\"No excuses, no equivocations... No crying.\" — Amanda Young",
    "icon": "https://static.wikia.nocookie.net/deadbydaylight_gamepedia_en/images/b/b4/IconPerks_hangmansTrick.png"
  },
  {
    "id": 46,
    "name": "Surveillance",
    "code": "surveillance",
    "killerCode": "thepig",
    "killerName": "The Pig",
    "description": "Unlocks potential in your Aura-reading ability.\nThe Auras of regressing Generators are highlighted in white.\nIf the Regression progress is interrupted on a Generator, its Aura will be highlighted in yellow for 8/12/16 seconds.\nSurveillance increases the audible range of Survivors' Generator-repairing noises by 8 meters.\n\"Are you gonna behave?\" — Amanda Young",
    "icon": "https://static.wikia.nocookie.net/deadbydaylight_gamepedia_en/images/e/eb/IconPerks_surveillance.png"
  },
  {
    "id": 47,
    "name": "Make Your Choice",
    "code": "makeyourchoice",
    "killerCode": "thepig",
    "killerName": "The Pig",
    "description": "Each time a Survivor is rescued from a Hook when you are at least 32 meters away, Make Your Choice activates:\nThe Rescuer screams and suffers from the Exposed Status Effect for the next 40/50/60 seconds.\nMake Your Choice has a cooldown of 40/50/60 seconds.\n\"You'd be surprised what tools can save a life.\" — Amanda Young",
    "icon": "https://static.wikia.nocookie.net/deadbydaylight_gamepedia_en/images/6/6b/IconPerks_makeYourChoice.png"
  },
  {
    "id": 48,
    "name": "Bamboozle",
    "code": "bamboozle",
    "killerCode": "theclown",
    "killerName": "The Clown",
    "description": "Performing a Vault action is 5/10/15% faster and calls upon The Entity to block that Vault location for Survivors for 8/12/16 seconds.\nOnly one Vault location may be blocked this way at any given time.\nBamboozle does not affect Pallets.",
    "icon": "https://static.wikia.nocookie.net/deadbydaylight_gamepedia_en/images/7/7a/IconPerks_bamboozle.png"
  },
  {
    "id": 49,
    "name": "Coulrophobia",
    "code": "coulrophobia",
    "killerCode": "theclown",
    "killerName": "The Clown",
    "description": "Your presence alone instils great fear.\nThe Healing speed of Survivors within your Terror Radius is reduced by 30/40/50%.",
    "icon": "https://static.wikia.nocookie.net/deadbydaylight_gamepedia_en/images/4/45/IconPerks_coulrophobia.png"
  },
  {
    "id": 50,
    "name": "Pop Goes the Weasel",
    "code": "popgoestheweasel",
    "killerCode": "theclown",
    "killerName": "The Clown",
    "description": "A deep bond with The Entity unlocks great strength.\nAfter hooking a Survivor, Pop Goes the Weasel activates for the next 35/40/45 seconds:\nThe next Generator you damage instantly loses 25% Progression.\nRegular Generator Regression applies afterwards and Pop Goes the Weasel deactivates.",
    "icon": "https://static.wikia.nocookie.net/deadbydaylight_gamepedia_en/images/0/0f/IconPerks_popGoesTheWeasel.png"
  },
  {
    "id": 51,
    "name": "Spirit Fury",
    "code": "spiritfury",
    "killerCode": "thespirit",
    "killerName": "The Spirit",
    "description": "Each Pallet you break magnifies the wrath of The Entity.\nAfter breaking 4/3/2 Pallets, the next time you are stunned by a Pallet, The Entity will instantly break it.\nYou still suffer from the Stun penalty.\n\"Fury is her blood.\"",
    "icon": "https://static.wikia.nocookie.net/deadbydaylight_gamepedia_en/images/a/a6/IconPerks_spiritFury.png"
  },
  {
    "id": 52,
    "name": "Hex: Haunted Ground",
    "code": "hexhauntedground",
    "killerCode": "thespirit",
    "killerName": "The Spirit",
    "description": "Two trapped Hex Totems will spawn in the Trial Grounds.\nWhen either Hex Totem is cleansed or blessed, all Survivors suffer from the Exposed Status Effect for 40/50/60 seconds.\nThe second Hex Totem will immediately turn into a Dull Totem.\n\"Her home become profane.\"",
    "icon": "https://static.wikia.nocookie.net/deadbydaylight_gamepedia_en/images/c/c4/IconPerks_hexHauntedGround.png"
  },
  {
    "id": 53,
    "name": "Rancor",
    "code": "rancor",
    "killerCode": "thespirit",
    "killerName": "The Spirit",
    "description": "You become obsessed with one Survivor.\nEach time a Generator is completed:\nYour Aura is revealed to the Obsession for 5/4/3 seconds.\nAll Survivors' locations are revealed to you for 3 seconds.\nOnce all Generators are completed:\nThe Obsession suffers from a permanent Exposed Status Effect.\nYou are granted the ability to kill the Obsession by your own hand.\nYou can only be obsessed with one Survivor at a time.",
    "icon": "https://static.wikia.nocookie.net/deadbydaylight_gamepedia_en/images/a/a2/IconPerks_rancor.png"
  },
  {
    "id": 54,
    "name": "Discordance",
    "code": "discordance",
    "killerCode": "thelegion",
    "killerName": "The Legion",
    "description": "Any Generator within a range of 64/96/128 meters that is being repaired by 2 or more Survivors is marked by a yellow Aura.\nWhen the Generator is first highlighted, Discordance triggers a Loud Noise Notification on the Generator.\nAfter the Generator is no longer within range or is being repaired by just 1 Survivor, the highlighted Aura will linger for another 4 seconds.\n\"Smartasses get killed. We always see to that.\" — The Legion",
    "icon": "https://static.wikia.nocookie.net/deadbydaylight_gamepedia_en/images/8/82/IconPerks_discordance.png"
  },
  {
    "id": 55,
    "name": "Mad Grit",
    "code": "madgrit",
    "killerCode": "thelegion",
    "killerName": "The Legion",
    "description": "While carrying a Survivor, you suffer no cool-down on missed attacks.\nSuccessfully hitting a Survivor will pause the carried Survivor's Wiggling Progression for 2/3/4 seconds.\n\"There's no getting out of this now. We're too good at it.\" — The Legion",
    "icon": "https://static.wikia.nocookie.net/deadbydaylight_gamepedia_en/images/d/da/IconPerks_madGrit.png"
  },
  {
    "id": 56,
    "name": "Iron Maiden",
    "code": "ironmaiden",
    "killerCode": "thelegion",
    "killerName": "The Legion",
    "description": "You open Lockers 30/40/50% faster.\nSurvivors who exit Lockers will scream and suffer from the Exposed Status Effect for 30 seconds and their location is revealed to you for 4 seconds.\n\"This is no place for cowards.\" — The Legion",
    "icon": "https://static.wikia.nocookie.net/deadbydaylight_gamepedia_en/images/b/b0/IconPerks_ironMaiden.png"
  },
  {
    "id": 57,
    "name": "Corrupt Intervention",
    "code": "corruptintervention",
    "killerCode": "theplague",
    "killerName": "The Plague",
    "description": "Your prayers invoke a dark power that meddles with the Survivors' chances of survival.\nAt the start of the Trial, the 3 Generators located farthest from you are blocked by The Entity for 80/100/120 seconds.\n\"It shall be known across the land that the Gods curse the unfaithful.\" — (The Tablet of Adiris, 3.7)",
    "icon": "https://static.wikia.nocookie.net/deadbydaylight_gamepedia_en/images/1/10/IconPerks_corruptIntervention.png"
  },
  {
    "id": 58,
    "name": "Infectious Fright",
    "code": "infectiousfright",
    "killerCode": "theplague",
    "killerName": "The Plague",
    "description": "The cries of the unfaithful make your heart leap.\nWhenever a Survivor is put into the Dying State by any means, all other Survivors within your Terror Radius will scream and reveal their current location to you for 4/5/6 seconds.\n\"Horror overcomes the heart of infidels who cry at the feet of the fallen.\" — (Hymn of Praise, 11.4)",
    "icon": "https://static.wikia.nocookie.net/deadbydaylight_gamepedia_en/images/6/6d/IconPerks_infectiousFright.png"
  },
  {
    "id": 59,
    "name": "Dark Devotion",
    "code": "darkdevotion",
    "killerCode": "theplague",
    "killerName": "The Plague",
    "description": "The display of your Powers creates a whirlwind of panic that spreads throughout the land.\nYou become obsessed with one Survivor.\nHitting the Obsession with a Basic Attack causes them to emit a Terror Radius of 32 meters for the next 20/25/30 seconds.\nYou are granted the Undetectable Status Effect.\nThe Obsession hears their own Terror Radius.\nYou can only be obsessed with one Survivor at a time.\n\"And terror shall take hold of a defiant non-believer, who shall falsely announce my arrival.\" — (The Tablet of Adiris, 48.9)",
    "icon": "https://static.wikia.nocookie.net/deadbydaylight_gamepedia_en/images/4/4f/IconPerks_darkDevotion.png"
  },
  {
    "id": 60,
    "name": "I'm All Ears",
    "code": "imallears",
    "killerCode": "theghostface",
    "killerName": "The Ghost Face",
    "description": "Unlocks potential in your Aura-reading ability, sharpening your keen senses in the dark Realm of The Entity.\nAny Survivor performing a rushed action within 48 meters of your location has their Aura revealed to you for 6 seconds.\nI'm All Ears can only be triggered once every 60/50/40 seconds.\n\"There is no need to worry. I've been preparing my whole life for this.\" — The Ghost Face",
    "icon": "https://static.wikia.nocookie.net/deadbydaylight_gamepedia_en/images/e/e3/IconPerks_imAllEars.png"
  },
  {
    "id": 61,
    "name": "Thrilling Tremors",
    "code": "thrillingtremors",
    "killerCode": "theghostface",
    "killerName": "The Ghost Face",
    "description": "Your dark designs and shrewd composure rouse The Entity.\nAfter picking up a Survivor, all Generators not currently being repaired by Survivors are blocked by The Entity for the next 16 seconds.\nThe Auras of blocked Generators are highlighted to you in white.\nThrilling Tremors has a cool-down of 100/80/60 seconds.\n\"The night assists me and it's endless here.\" — The Ghost Face",
    "icon": "https://static.wikia.nocookie.net/deadbydaylight_gamepedia_en/images/b/b8/IconPerks_thrillingTremors.png"
  },
  {
    "id": 62,
    "name": "Furtive Chase",
    "code": "furtivechase",
    "killerCode": "theghostface",
    "killerName": "The Ghost Face",
    "description": "You become obsessed with one Survivor.\nYou lurk in the shadows, eliminating your victims one by one.\nEach time you hook your Obsession, you gain 1 Token, up to a maximum of 2/3/4 Tokens:\nWhile in a Chase, your Terror Radius is reduced by 4 meters per accumulated Token.\nWhen a Survivor rescues the Obsession from the Hook, that Survivor will become the new Obsession.\nYou can only be obsessed with one Survivor at a time.\n\"You have no idea what I have planned for you. It'll be in the news for weeks. I'll make sure of that.\" — The Ghost Face",
    "icon": "https://static.wikia.nocookie.net/deadbydaylight_gamepedia_en/images/9/94/IconPerks_furtiveChase.png"
  },
  {
    "id": 63,
    "name": "Zanshin Tactics",
    "code": "zanshintactics",
    "killerCode": "theoni",
    "killerName": "The Oni",
    "description": "Unlocks potential in your Aura-reading ability.\nYou are mentally alert and aware of key points on the battlefield.\nThe Auras of Breakable Walls, Pallets, and Windows are revealed to you within 24/28/32 meters.\n\"Within your enemy's strength is weakness.\" — Renjiro's Doctrine 12:5",
    "icon": "https://static.wikia.nocookie.net/deadbydaylight_gamepedia_en/images/d/d3/IconPerks_zanshinTactics.png"
  },
  {
    "id": 64,
    "name": "Blood Echo",
    "code": "bloodecho",
    "killerCode": "theoni",
    "killerName": "The Oni",
    "description": "The agony of one is inflicted onto others.\nWhen hooking a Survivor, all other Injured Survivors suffer from the Hemorrhage and Exhausted Status Effects for 45 seconds.\nBlood Echo can only be triggered once every 80/70/60 seconds.\n\"Attack an enemy with precision and their allies will feel it.\" — Renjiro's Doctrine 6:3",
    "icon": "https://static.wikia.nocookie.net/deadbydaylight_gamepedia_en/images/c/c3/IconPerks_bloodEcho.png"
  },
  {
    "id": 65,
    "name": "Nemesis",
    "code": "nemesis",
    "killerCode": "theoni",
    "killerName": "The Oni",
    "description": "You seek retribution on those who have wronged you.\nAny Survivor who blinds or stuns you becomes the Obsession.\nAnytime your Obsession switches to another Survivor by any means, that Survivor then suffers from the Oblivious Status Effect for 40/50/60 seconds and their Aura is revealed to you for 4 seconds.\nYou can only be obsessed with one Survivor at a time.\n\"Only a fool would spit in a demon's face and declare victory.\" — Renjiro's Doctrine 4:9",
    "icon": "https://static.wikia.nocookie.net/deadbydaylight_gamepedia_en/images/3/33/IconPerks_nemesis.png"
  },
  {
    "id": 66,
    "name": "Gearhead",
    "code": "gearhead",
    "killerCode": "thedeathslinger",
    "killerName": "The Deathslinger",
    "description": "You have got an ear for well-oiled gears.\nAfter a Survivor loses a Health State, Gearhead activates:\nWhile Gearhead is active, a Survivor succeeding a Great Skill Check while repairing reveals their Aura to you for 6/8/10 seconds, after which Gearhead deactivates.\n\"Sometimes a man's best work is what puts him in the grave.\" — The Prison Warden",
    "icon": "https://static.wikia.nocookie.net/deadbydaylight_gamepedia_en/images/f/fd/IconPerks_gearhead.png"
  },
  {
    "id": 67,
    "name": "Dead Man's Switch",
    "code": "deadmansswitch",
    "killerCode": "thedeathslinger",
    "killerName": "The Deathslinger",
    "description": "After hooking a Survivor, Dead Man's Switch activates for the next 35/40/45 seconds:\nWhile activated, any Survivor that stops repairing a Generator before it is fully repaired causes The Entity to block the Generator until Dead Man's Switch's effect ends.\nAffected Generators are highlighted by a white Aura.\n\"I've seen the look on a man's face when he realises he's going to die.\" — Caleb Quinn",
    "icon": "https://static.wikia.nocookie.net/deadbydaylight_gamepedia_en/images/c/c3/IconPerks_deadMansSwitch.png"
  },
  {
    "id": 68,
    "name": "Hex: Retribution",
    "code": "hexretribution",
    "killerCode": "thedeathslinger",
    "killerName": "The Deathslinger",
    "description": "A Hex that lashes out upon its destruction.\nThose who cross you will be punished.\nSurvivors cleansing or blessing any Totem suffer from the Oblivious Status Effect for 35/40/45 seconds.\nAfter cleansing or blessing a Hex Totem, the Auras of all Survivors are revealed to you for 15 seconds.\nThe Hex effects persist as long as the related Hex Totem is standing.\n\"Bloody fool, you pulled the trigger on yourself.\" — Caleb Quinn",
    "icon": "https://static.wikia.nocookie.net/deadbydaylight_gamepedia_en/images/a/ab/IconPerks_hexRetribution.png"
  },
  {
    "id": 69,
    "name": "Forced Penance",
    "code": "forcedpenance",
    "killerCode": "theexecutioner",
    "killerName": "The Executioner",
    "description": "Those who stand in the way of duty will suffer harsh judgement.\nSurvivors who take a Protection Hit suffer from the Broken Status Effect for the next 60/70/80 seconds.",
    "icon": "https://static.wikia.nocookie.net/deadbydaylight_gamepedia_en/images/1/1d/IconPerks_forcedPenance.png"
  },
  {
    "id": 70,
    "name": "Trail of Torment",
    "code": "trailoftorment",
    "killerCode": "theexecutioner",
    "killerName": "The Executioner",
    "description": "You guide your victims along a path of pain and punishment.\nAfter kicking a Generator, you are granted the Undetectable Status Effect until that Generator stops regressing or you damage a Survivor by any means.\nThe Aura of that Generator is revealed to all Survivors in yellow.\nTrail of Torment has a cool-down of 80/70/60 seconds.",
    "icon": "https://static.wikia.nocookie.net/deadbydaylight_gamepedia_en/images/9/94/IconPerks_trailOfTorment.png"
  },
  {
    "id": 71,
    "name": "Deathbound",
    "code": "deathbound",
    "killerCode": "theexecutioner",
    "killerName": "The Executioner",
    "description": "Those whose lives are intertwined in darkness are destined to suffer together.\nWhen a Survivor heals another Survivor for the equivalent of 1 Health State at least 32 meters away from you, that Survivor will scream, revealing their location and activating Deathbound:\nFor the next 60 seconds, that Survivor suffers from the Oblivious Status Effect when farther than 16/12/8 meters away from the healed Survivor.",
    "icon": "https://static.wikia.nocookie.net/deadbydaylight_gamepedia_en/images/e/e7/IconPerks_deathbound.png"
  },
  {
    "id": 72,
    "name": "Dragon's Grip",
    "code": "dragonsgrip",
    "killerCode": "theblight",
    "killerName": "The Blight",
    "description": "After kicking a Generator, for the next 30 seconds, the first Survivor interacting with it will scream, revealing their location for 4 seconds, and suffers from the Exposed Status Effect for 60 seconds.\nDragon's Grip has a cool-down of 120/100/80 seconds.\n\"Such potential in this compound... even the slightest trace causes unnatural effects.\" — Journal of Talbot Grimes",
    "icon": "https://static.wikia.nocookie.net/deadbydaylight_gamepedia_en/images/f/ff/IconPerks_dragonsGrip.png"
  },
  {
    "id": 73,
    "name": "Hex: Blood Favour",
    "code": "hexbloodfavour",
    "killerCode": "theblight",
    "killerName": "The Blight",
    "description": "A Hex that gains the favour of The Entity when blood is spilt.\nWhenever a Survivor loses a Health State by any means and thus enters the Injured State, Hex: Blood Favour calls upon The Entity to block all Pallets within 24/28/32 meters of that Survivor's location from being pulled down for the next 15 seconds.\nThe Hex effects persist as long as the related Hex Totem is standing.\n\"It would be no leap of the imagination to suggest that the Trials are a biological response of sorts.\" — Journal of Talbot Grimes",
    "icon": "https://static.wikia.nocookie.net/deadbydaylight_gamepedia_en/images/6/6b/IconPerks_hexBloodFavour.png"
  },
  {
    "id": 74,
    "name": "Hex: Undying",
    "code": "hexundying",
    "killerCode": "theblight",
    "killerName": "The Blight",
    "description": "A Hex which maintains the vile powers that flow throughout the Trial.\nThe Auras of Survivors within 2/3/4 meters of any Dull Totem are revealed to you.\nWhen another Perk's Hex Totem is cleansed or blessed, its Hex is transferred to the Hex: Undying Totem, including any accumulated Tokens, disabling Hex: Undying instead.\nThe Hex effects persist as long as the related Hex Totem is standing.",
    "icon": "https://static.wikia.nocookie.net/deadbydaylight_gamepedia_en/images/f/fe/IconPerks_hexUndying.png"
  },
  {
    "id": 75,
    "name": "Hoarder",
    "code": "hoarder",
    "killerCode": "thetwins",
    "killerName": "The Twins",
    "description": "You protect what little you have and are perceptive to those rummaging through your stockpiles.\nHoarder triggers a Loud Noise Notification for 4 seconds, whenever a Survivor performs any of the following actions within 32/48/64 meters of your location:\nUnlocks a Chest.\nPicks up any Item, including Limited Items.\nHoarder spawns 2 additional chests in the Trial.",
    "icon": "https://static.wikia.nocookie.net/deadbydaylight_gamepedia_en/images/2/23/IconPerks_hoarder.png"
  },
  {
    "id": 76,
    "name": "Oppression",
    "code": "oppression",
    "killerCode": "thetwins",
    "killerName": "The Twins",
    "description": "Life has been difficult for you, so you will make it difficult for others.\nWhen damaging a Generator, up to 3 other random Generators also begin regressing.\nTrigger a difficult Skill Check if a selected Generator is being repaired.\nOppression has a cool-down of 120/100/80 seconds.\n\"Damn them as they would damn us.\" — Charlotte Deshayes",
    "icon": "https://static.wikia.nocookie.net/deadbydaylight_gamepedia_en/images/a/a1/IconPerks_oppression.png"
  },
  {
    "id": 77,
    "name": "Coup de Grâce",
    "code": "coupdegrace",
    "killerCode": "thetwins",
    "killerName": "The Twins",
    "description": "As the end nears, you go in for the kill.\nEach time a Generator is completed, Coup de Grâce grows in power and gains 1 Token.\nConsume 1 Token to increase the distance of your next Lunge Attack by 70/75/80%.",
    "icon": "https://static.wikia.nocookie.net/deadbydaylight_gamepedia_en/images/b/bd/IconPerks_coupDeGr%C3%A2ce.png"
  },
  {
    "id": 78,
    "name": "Starstruck",
    "code": "starstruck",
    "killerCode": "thetrickster",
    "killerName": "The Trickster",
    "description": "Your unmatched showmanship dazzles all.\nWhen carrying a Survivor, Starstruck activates:\nSurvivors suffer from the Exposed Status Effect while in your Terror Radius.\nThe Status Effect lingers for 26/28/30 seconds after leaving your Terror Radius.\nAfter hooking or dropping the carried Survivor, Starstruck deactivates:\nThe Status Effect persists for 26/28/30 seconds for any Survivor inside your Terror Radius at that moment.\nStarstruck has a cool-down of 60 seconds once the Survivor is no longer being carried.\n\"Enjoy this moment, few get so close.\" — Ji-Woon Hak",
    "icon": "https://static.wikia.nocookie.net/deadbydaylight_gamepedia_en/images/6/6e/IconPerks_starstruck.png"
  },
  {
    "id": 79,
    "name": "Hex: Crowd Control",
    "code": "hexcrowdcontrol",
    "killerCode": "thetrickster",
    "killerName": "The Trickster",
    "description": "A Hex that ensures those lesser than you are properly herded.\nSurvivors who perform a rushed vault through a Window prompt The Entity to block it for the next 14/17/20 seconds.\nThe Hex effects persist as long as the related Hex Totem is standing.\n\"You have no control. People like you never did.\" — Ji-Woon Hak",
    "icon": "https://static.wikia.nocookie.net/deadbydaylight_gamepedia_en/images/f/f1/IconPerks_hexCrowdControl.png"
  },
  {
    "id": 80,
    "name": "No Way Out",
    "code": "nowayout",
    "killerCode": "thetrickster",
    "killerName": "The Trickster",
    "description": "You are not going to let just anyone into the VIP room.\nFor each Survivor you hook for the first time, No Way Out gains 1 Token.\nOnce the Exit Gates have been powered, No Way Out activates:\nWhen a Survivor interacts with an Exit Gate Switch, you receive a Loud Noise Notification and The Entity blocks both Exit Gate Switches for 12 seconds and an additional 6/9/12 seconds per Token in your possession, up to a combined maximum of 36/48/60 seconds.\n\"That sound when you bleed... let me hear it again.\" — Ji-Woon Hak",
    "icon": "https://static.wikia.nocookie.net/deadbydaylight_gamepedia_en/images/b/bb/IconPerks_noWayOut.png"
  },
  {
    "id": 81,
    "name": "Lethal Pursuer",
    "code": "lethalpursuer",
    "killerCode": "thenemesis",
    "killerName": "The Nemesis",
    "description": "You have been designed to track down and eliminate targets.\nAt the start of the Trial, the Auras of all Survivors are revealed to you for 7/8/9 seconds.\n\"...it knows what it wants and won't stop till it gets it.\" — Carlos Oliveira",
    "icon": "https://static.wikia.nocookie.net/deadbydaylight_gamepedia_en/images/6/61/IconPerks_lethalPursuer.png"
  },
  {
    "id": 82,
    "name": "Hysteria",
    "code": "hysteria",
    "killerCode": "thenemesis",
    "killerName": "The Nemesis",
    "description": "You know how to brutalise one member of a team to cause a panic.\nWhenever you put a healthy Survivor into the Injured State, all injured Survivors suffer from the Oblivious Status Effect for 20/25/30 seconds.\nHysteria has a cool-down of 30 seconds.\n\"Sorry I got a little jumpy there. Didn't know quite what to expect.\" — Robert Kendo",
    "icon": "https://static.wikia.nocookie.net/deadbydaylight_gamepedia_en/images/3/3a/IconPerks_hysteria.png"
  },
  {
    "id": 83,
    "name": "Eruption",
    "code": "eruption",
    "killerCode": "thenemesis",
    "killerName": "The Nemesis",
    "description": "The NE-α parasite provides you with the intelligence and awareness needed to set a trap.\nAfter kicking a Generator, its Aura is highlighted in yellow.\nWhen you put a Survivor into the Dying State, every affected Generator explodes and starts regressing, removing the highlighted Aura.\nApplies an immediate 6% Progression penalty.\nAny Survivor repairing a Generator when it explodes will scream and suffer from the Incapacitated Status Effect for 12/14/16 seconds.\nEruption has a cool-down of 30 seconds.\n\"It can use weapons?\" — Jill Valentine",
    "icon": "https://static.wikia.nocookie.net/deadbydaylight_gamepedia_en/images/d/dd/IconPerks_eruption.png"
  },
  {
    "id": 84,
    "name": "Deadlock",
    "code": "deadlock",
    "killerCode": "thecenobite",
    "killerName": "The Cenobite",
    "description": "You induce mental suffering by crushing any hope of escape.\nWhenever a Generator is completed, The Entity blocks the Generator with the most progression for 20/25/30 seconds.\nThe Aura of the blocked Generator is revealed to you in white during this time.\n\"Nobody escapes us.\" — Pinhead",
    "icon": "https://static.wikia.nocookie.net/deadbydaylight_gamepedia_en/images/d/d3/IconPerks_deadlock.png"
  },
  {
    "id": 85,
    "name": "Hex: Plaything",
    "code": "hexplaything",
    "killerCode": "thecenobite",
    "killerName": "The Cenobite",
    "description": "A Hex that toys with a victim's suffering.\nIf there is at least one Dull Totem remaining in the Trial Grounds, Hex: Plaything activates on a random Totem each time a Survivor is hooked for the first time:\nThe hooked Survivor suffers from the Cursed and Oblivious Status Effects until Hex: Plaything is cleansed.\nFor the first 90 seconds, only the Cursed Survivor is able to cleanse the Hex Totem.\nThe Aura of Hex: Plaything's Hex Totem is revealed to the Cursed Survivor within 24/20/16 meters.\nThe Hex effects persist as long as the related Hex Totem is standing.\n\"We came. Now you must come with us. Taste our pleasure.\" — Pinhead",
    "icon": "https://static.wikia.nocookie.net/deadbydaylight_gamepedia_en/images/1/18/IconPerks_hexPlaything.png"
  },
  {
    "id": 86,
    "name": "Scourge Hook: Gift of Pain",
    "code": "scourgehookgiftofpain",
    "killerCode": "thecenobite",
    "killerName": "The Cenobite",
    "description": "You are the bringer of sweet pain.\nAt the start of the Trial, 4 random Hooks are changed into Scourge Hooks:\nThe Auras of Scourge Hooks are revealed to you in white.\nEach time a Survivor is unhooked from a Scourge Hook, the following effects apply:\nThe Survivor suffers from the Hemorrhage and Mangled Status Effects until healed.\nUpon being healed, the Survivor suffers from a 7/8/9% Action Speed penalty to Healing and Repairing until they are injured again.\n\"We will tear your soul apart.\" — Pinhead",
    "icon": "https://static.wikia.nocookie.net/deadbydaylight_gamepedia_en/images/2/26/IconPerks_scourgeHookGiftOfPain.png"
  },
  {
    "id": 87,
    "name": "Grim Embrace",
    "code": "grimembrace",
    "killerCode": "theartist",
    "killerName": "The Artist",
    "description": "Your act of servitude to The Entity has not gone unnoticed.\nEach time a Survivor is hooked for the first time, Grim Embrace gains a Token.\nUpon reaching 4 Tokens Grim Embrace activates:\nThe Entity blocks all Generators for 30/35/40 seconds.\nThe Aura of the Obsession is revealed to you for 5 seconds.\n\"Are we nothing but prisoners to our sorrow?\" — Carmina Mora",
    "icon": "https://static.wikia.nocookie.net/deadbydaylight_gamepedia_en/images/1/1c/IconPerks_grimEmbrace.png"
  },
  {
    "id": 88,
    "name": "Scourge Hook: Pain Resonance",
    "code": "scourgehookresonance",
    "killerCode": "theartist",
    "killerName": "The Artist",
    "description": "Overwhelming pain reverberates outwards.\nAt the start of the Trial, 4 random Hooks are changed into Scourge Hooks:\nThe Auras of Scourge Hooks are revealed to you in white.\nEach time a Survivor is hooked on a Scourge Hook, the following effects apply:\nThe Generator with the most Progression explodes, instantly losing 9/12/15% of its Progression and starting to regress.\nSurvivors repairing that Generator will scream, revealing their location.\n\"The pain spills beyond flesh/darkness staining the horizon.\" — Girl in the Shadow by Carmina Mora",
    "icon": "https://static.wikia.nocookie.net/deadbydaylight_gamepedia_en/images/7/79/IconPerks_scourgeHookPainResonance.png"
  },
  {
    "id": 89,
    "name": "Hex: Pentimento",
    "code": "hexpentimento",
    "killerCode": "theartist",
    "killerName": "The Artist",
    "description": "You reveal the true power of the Totems, hidden within their remains.\nYou see the Auras of cleansed Totems.\nYou can perform a ritual on a cleansed Totem to resurrect it as a Rekindled Totem.\nFor each Rekindled Totem active at the same time, Hex: Pentimento gains an additional effect:\n1 Totem: Decreases all Survivors' Repair speed by 20/25/30%.\n2 Totems: Decreases all Survivors' Healing speed by 20/25/30%.\n3 Totems: Decreases all Survivors' Recovery speed from being downed by 20/25/30%.\n4 Totems: Decreases all Survivors' Exit Gate Opening speed by 20/25/30%.\n5 Totems: All Totems are permanently blocked by The Entity.\nWhen a Rekindled Totem is cleansed, its remains are consumed by The Entity and it cannot be rekindled.\n\"Though a pentimento is an inherently concealed piece of art, there is something to be said of the desire to discover that which is beyond.\" — A Guide to Art & Process (1961)",
    "icon": "https://static.wikia.nocookie.net/deadbydaylight_gamepedia_en/images/5/5d/IconPerks_hexPentimento.png"
  },
  {
    "id": 90,
    "name": "Scourge Hook: Floods of Rage",
    "code": "scourgehookfloodsofrage",
    "killerCode": "theonryo",
    "killerName": "The Onryō",
    "description": "You form a psychic connection with The Entity and alter the rules of the Trial.\nAt the start of the Trial, 4 random Hooks are changed into Scourge Hooks:\nThe Auras of Scourge Hooks are revealed to you in white.\nEach time a Survivor is unhooked from a Scourge Hook, the following effects apply:\nThe Auras of all other Survivors are revealed for 5/6/7 seconds.",
    "icon": "https://static.wikia.nocookie.net/deadbydaylight_gamepedia_en/images/1/1c/IconPerks_scourgeHookFloodsOfRage.png"
  },
  {
    "id": 91,
    "name": "Call of Brine",
    "code": "callofbrine",
    "killerCode": "theonryo",
    "killerName": "The Onryō",
    "description": "Your psychic abilities influence technology in devastating ways.\nAfter damaging a Generator, Call of Brine activates for 60 seconds.\nThe Generator regresses at 150/175/200% of the normal Regression speed and its Aura is revealed to you.\nEach time a Survivor completes a Good Skill Check on a Generator affected by Call of Brine, you receive a Loud Noise Notification.",
    "icon": "https://static.wikia.nocookie.net/deadbydaylight_gamepedia_en/images/3/3b/IconPerks_callOfBrine.png"
  },
  {
    "id": 92,
    "name": "Merciless Storm",
    "code": "mercilessstorm",
    "killerCode": "theonryo",
    "killerName": "The Onryō",
    "description": "Your horrible trauma is felt by everyone.\nWhenever a Generator is repaired to 90 %, Survivors repairing it are faced with continuous Skill Checks.\nIf they miss one or stop repairing, the Generator becomes blocked for 16/18/20 seconds.\nMerciless Storm can only trigger once per Generator per Trial.",
    "icon": "https://static.wikia.nocookie.net/deadbydaylight_gamepedia_en/images/3/36/IconPerks_mercilessStorm.png/revision/latest?cb=20220216120012"
  }
]
