[
  {
    "id": 0,
    "name": "Dark Sense",
    "code": "darksense",
    "survivorCode": "all",
    "survivorName": "All",
    "description": "Unlocks potential in your Aura-reading ability:\nEach time a Generatoris completed, the Aura of the Killer is revealed to you for 5 seconds.\nOnce the last Generator is completed, the Aura of the Killer is revealed to you for 5/7/10 seconds.\n\"Take it from an old-timer: Slow down, don't rush and try not to worry so much! The best way to beat him is to know how he thinks.\" — Murf, The Lost Tapes",
    "icon": "https://static.wikia.nocookie.net/deadbydaylight_gamepedia_en/images/9/92/IconPerks_darkSense.png"
  },
  {
    "id": 1,
    "name": "Déjà Vu",
    "code": "dejavu",
    "survivorCode": "all",
    "survivorName": "All",
    "description": "Unlocks potential in your Aura-reading ability:\nParanoia paired with your horror of failure helps prepare you from repeating the same mistakes.\nThe Auras of the 3 Generators in closest proximity to one another are revealed to you for 30/45/60 seconds at the start of the Trial, and each time a Generator is completed.\nIf you are holding a Map, Generators revealed by Déjà Vu are automatically added to it.",
    "icon": "https://static.wikia.nocookie.net/deadbydaylight_gamepedia_en/images/8/89/IconPerks_dejaVu.png"
  },
  {
    "id": 2,
    "name": "Guardian",
    "code": "guardian",
    "survivorCode": "all",
    "survivorName": "All",
    "description": "You risk it all to help those in need.\nWhen you unhook a Survivor, the rescued Survivor benefits from the following effects for 4/6/8 seconds:\nScratch Marks and Pools of Blood are suppressed.\n7% Haste Status Effect, boosting their Movement speed.\nGuardian reveals the Killer's Aura to you for 8 seconds.",
    "icon": "https://static.wikia.nocookie.net/deadbydaylight_gamepedia_en/images/2/23/IconPerks_guardian.png"
  },
  {
    "id": 3,
    "name": "Hope",
    "code": "hope",
    "survivorCode": "all",
    "survivorName": "All",
    "description": "The growing odds of a successful escape fill you with hope and give you wings.\nAs soon as the Exit Gates are powered, gain a 5/6/7% Haste Status Effect for 120 seconds.\n\"Buckle up, fuckos! Let's roll.\" — Nikki, The Lost Tapes",
    "icon": "https://static.wikia.nocookie.net/deadbydaylight_gamepedia_en/images/1/18/IconPerks_hope.png"
  },
  {
    "id": 4,
    "name": "Inner Healing",
    "code": "innerhealing",
    "survivorCode": "all",
    "survivorName": "All",
    "description": "You look inwards and trust your instincts when you feel lost and alone.\nEach time you cleanse a Totem, Inner Healing activates:\nYou are automatically healed 1 Health State when hiding inside a Locker for 10/9/8 seconds while injured or suffering from the Deep Wound Status Effect.\nInner Healing does not activate if you currently suffer from the Broken.",
    "icon": "https://static.wikia.nocookie.net/deadbydaylight_gamepedia_en/images/d/df/IconPerks_innerHealing.png"
  },
  {
    "id": 5,
    "name": "Kindred",
    "code": "kindred",
    "survivorCode": "all",
    "survivorName": "All",
    "description": "Unlocks potential in your Aura-reading ability:\nWhile you are hooked:\nThe Auras of all Survivors are revealed to one another.\nWhenever the Killer is within 8/12/16 meters of your Hook, their Aura is revealed to all Survivors.\nWhile any another Survivor is hooked:\nThe Auras of all other Survivors are revealed to you.\nWhenever the Killer is within 8/12/16 meters of the hooked Survivor, their Aura is revealed to you.\n\"Be kind to one another, We're all in this together\" — Sujan, The Lost Tapes",
    "icon": "https://static.wikia.nocookie.net/deadbydaylight_gamepedia_en/images/a/a8/IconPerks_kindred.png"
  },
  {
    "id": 6,
    "name": "Kinship",
    "code": "kinship",
    "survivorCode": "all",
    "survivorName": "All",
    "description": "The importance of friendship has given you strength.\nWhile you are on the Hook in the Struggle Phase, Kinship activates:\nIf another Survivor is within 16 meters of your Hook while Kinship is active, the Struggle Phase timer is paused for 26/30/34 seconds.",
    "icon": "https://static.wikia.nocookie.net/deadbydaylight_gamepedia_en/images/1/1d/IconPerks_camaraderie.png"
  },
  {
    "id": 7,
    "name": "Lightweight",
    "code": "lightweight",
    "survivorCode": "all",
    "survivorName": "All",
    "description": "Your running is light and soft, making your tracks harder to follow.\nScratch Marks begin to fade 1/2/3 seconds sooner.\n\"Take it slow, he knows where you have been... just like I have always said: 'live slow and die old'.\" — Dylan, The Lost Tapes",
    "icon": "https://static.wikia.nocookie.net/deadbydaylight_gamepedia_en/images/6/67/IconPerks_lightweight.png"
  },
  {
    "id": 8,
    "name": "No One Left Behind",
    "code": "nooneleftbehind",
    "survivorCode": "all",
    "survivorName": "All",
    "description": "It is inconceivable to leave someone behind.\nOnce at least one Exit Gate has been opened, No One Left Behind activates:\nGain a 30/40/50% Action Speed bonus to Unhooking and Healing other Survivors.\nThe Auras of all other Survivors are revealed to you.\nGrants 50/75/100% bonus Bloodpoints for actions in the Altruism Category.\n\"... yeah, no shit. But I believe we can outsmart and overthrow him if we work together. Don't be predictable and selfish!\" — Clyde, The Lost Tapes",
    "icon": "https://static.wikia.nocookie.net/deadbydaylight_gamepedia_en/images/b/b0/IconPerks_noOneLeftBehind.png"
  },
  {
    "id": 9,
    "name": "Plunderer's Instinct",
    "code": "plunderersinstinct",
    "survivorCode": "all",
    "survivorName": "All",
    "description": "Unlocks potential in your Aura-reading ability:\nThe Auras of closed Chests and dropped Items in the environment within 16/24/32 meters of your location are revealed to you.\nGrants a considerably better chance at finding an Item of a higher Rarity from Chests.\n\"The pioneers used to loot these babies for hours.\" — Aizeyu, The Lost Tapes",
    "icon": "https://static.wikia.nocookie.net/deadbydaylight_gamepedia_en/images/2/28/IconPerks_plunderersInstinct.png"
  },
  {
    "id": 10,
    "name": "Premonition",
    "code": "premonition",
    "survivorCode": "all",
    "survivorName": "All",
    "description": "You have the undeniable capability to sense danger.\nReceive an auditory warning upon looking in the Killer's direction within a 45° cone within 36 meters.\nPremonition has a cool-down of 60/45/30 seconds each time it activates.\n\"I have a bad feeling about this!\"",
    "icon": "https://static.wikia.nocookie.net/deadbydaylight_gamepedia_en/images/3/39/IconPerks_premonition.png"
  },
  {
    "id": 11,
    "name": "Renewal",
    "code": "renewal",
    "survivorCode": "all",
    "survivorName": "All",
    "description": "When you heal another Survivor for the equivalent of 1 Health State, Renewal activates:\nThe next time you are unhooked or unhook yourself, you suffer from the Broken Status Effect until Renewal deactivates.\nYou are automatically healed 1 Health State after 28/24/20 seconds.\nWhile Renewal is active, the following conditions will deactivate it:\nSuccessfully being healed by Renewal.\nBeing put into the Dying State before the timer elapses.\nRenewal does not activate if you already suffer from the Broken Status Effect.",
    "icon": "https://static.wikia.nocookie.net/deadbydaylight_gamepedia_en/images/7/7b/IconPerks_renewal.png"
  },
  {
    "id": 12,
    "name": "Resilience",
    "code": "resilience",
    "survivorCode": "all",
    "survivorName": "All",
    "description": "You are motivated in dire situations.\nIncreases your Action speeds in Repairing, Healing, Sabotaging, Unhooking, Vaulting, Cleansing, Opening, and Unlocking by 3/6/9% when in the Injured State.\n\"Focus, even in these desperate times.\"",
    "icon": "https://static.wikia.nocookie.net/deadbydaylight_gamepedia_en/images/e/ee/IconPerks_resilience.png"
  },
  {
    "id": 13,
    "name": "Self-Aware",
    "code": "welfaware",
    "survivorCode": "all",
    "survivorName": "All",
    "description": "You know your weaknesses and refuse to hide from them.\nYou walk 10/15/20% faster and can see your own Scratch Marks.",
    "icon": "https://static.wikia.nocookie.net/deadbydaylight_gamepedia_en/images/7/7c/IconPerks_fixated.png"
  },
  {
    "id": 14,
    "name": "Situational Awareness",
    "code": "situationalawareness",
    "survivorCode": "all",
    "survivorName": "All",
    "description": "You are aware of your surroundings and share the information with others.\nWhile repairing a Generator, its Aura is revealed in yellow to all other Survivors located within 32 meters.\nIf the Killer downs a Survivor while you are repairing a Generator, you see the Auras of all other Survivors for 8/9/10 seconds.",
    "icon": "https://static.wikia.nocookie.net/deadbydaylight_gamepedia_en/images/d/da/IconPerks_situationalAwareness.png"
  },
  {
    "id": 15,
    "name": "Slippery Meat",
    "code": "slipperymeat",
    "survivorCode": "all",
    "survivorName": "All",
    "description": "You have developed an efficient way to get off Hooks.\nGrants 3 additional Self-Unhook attempts.\nIncreases the Self-Unhook chance by 2/3/4%.",
    "icon": "https://static.wikia.nocookie.net/deadbydaylight_gamepedia_en/images/0/03/IconPerks_slipperyMeat.png"
  },
  {
    "id": 16,
    "name": "Small Game",
    "code": "smallgame",
    "survivorCode": "all",
    "survivorName": "All",
    "description": "You have the undeniable capability to sense danger.\nReceive an auditory warning upon looking in the direction of Totems in a 45° cone within 8/10/12 meters.\nSmall Game has a cool-down of 14/12/10 seconds each time it activates.\nFor each Dull or Hex Totem cleansed by any Player, Small Game gains 1 Token:\nEach Token decreases the Detection cone's angle by 5°, down to a minimum of 20°.\n\"Nope.\" — Andy, The Lost Tapes",
    "icon": "https://static.wikia.nocookie.net/deadbydaylight_gamepedia_en/images/d/dc/IconPerks_smallGame.png"
  },
  {
    "id": 17,
    "name": "Spine Chill",
    "code": "spinechill",
    "survivorCode": "all",
    "survivorName": "All",
    "description": "An unnatural tingle warns you of impending doom.\nWhenever the Killer is looking in your direction when they are within 36 meters of you, Spine Chill activates:\nIncreases the Trigger odds of Skill Check by 10%.\nDecreases the Skill Check Success zone by 10%.\nIncreases your Action speeds in Repairing, Healing, Sabotaging, Unhooking, Vaulting, Cleansing, Opening, and Unlocking by 2/4/6%.\n\"There is a voice that doesn't use words. Listen..\" — Sassy, The Lost Tapes",
    "icon": "https://static.wikia.nocookie.net/deadbydaylight_gamepedia_en/images/5/57/IconPerks_spineChill.png"
  },
  {
    "id": 18,
    "name": "This Is Not Happening",
    "code": "thisisnothappening",
    "survivorCode": "all",
    "survivorName": "All",
    "description": "You perform at your best when you are under extreme stress.\nIncreases the Success zone of Great Skill Checks while Repairing and Healing by 10/20/30% when in the Injured State.",
    "icon": "https://static.wikia.nocookie.net/deadbydaylight_gamepedia_en/images/5/58/IconPerks_thisIsNotHappening.png"
  },
  {
    "id": 19,
    "name": "We'll Make It",
    "code": "wellmakeit",
    "survivorCode": "all",
    "survivorName": "All",
    "description": "Helping others heightens your morale.\nIncreases your Altruistic Healing speed by 100% for the next 30/60/90 seconds whenever you rescue another Survivor from a Hook.\n\"I am confident we can all escape in one piece if we help each other.\"",
    "icon": "https://static.wikia.nocookie.net/deadbydaylight_gamepedia_en/images/8/8a/IconPerks_wellMakeIt.png"
  },
  {
    "id": 20,
    "name": "Bond",
    "code": "bond",
    "survivorCode": "dwightfairfield",
    "survivorName": "Dwight Fairfield",
    "description": "Unlocks potential in your Aura-reading ability:\nThe Auras of all other Survivors within 20/28/36 meters of your location are revealed to you.\n\"We have to work as a team, I need you to survive so that I can survive!\" — Dwight Fairfield",
    "icon": "https://static.wikia.nocookie.net/deadbydaylight_gamepedia_en/images/a/a0/IconPerks_bond.png"
  },
  {
    "id": 21,
    "name": "Prove Thyself",
    "code": "provethyself",
    "survivorCode": "dwightfairfield",
    "survivorName": "Dwight Fairfield",
    "description": "Increases your Repair speed by +15% for each other Survivor within 4 meters of your location, up to a maximum of +45%.\nThis effect is also applied to all other Survivors within that range.\nGrants 50/75/100% bonus Bloodpoints for Co-operative actions.\nProve Thyself does not stack with other instances of itself.\n\"Show me what you can do!\" — Dwight Fairfield",
    "icon": "https://static.wikia.nocookie.net/deadbydaylight_gamepedia_en/images/0/0f/IconPerks_proveThyself.png"
  },
  {
    "id": 22,
    "name": "Leader",
    "code": "leader",
    "survivorCode": "dwightfairfield",
    "survivorName": "Dwight Fairfield",
    "description": "You are able to organise a team to cooperate more efficiently.\nIncreases the Action speeds of other Survivors in Healing, Sabotaging, Unhooking, Cleansing, Opening, and Unlocking by 15/20/25% while they are within 8 meters of your location.\nThis effect lingers for 15 seconds when leaving Leader's range.\nLeader does not stack with other instances of itself.",
    "icon": "https://static.wikia.nocookie.net/deadbydaylight_gamepedia_en/images/3/3d/IconPerks_leader.png"
  },
  {
    "id": 23,
    "name": "Quick & Quiet",
    "code": "quickandquiet",
    "survivorCode": "megthomas",
    "survivorName": "Meg Thomas",
    "description": "You do not make as much noise as others when quickly vaulting over obstacles or hiding in Lockers.\nSuppresses both the Loud Noise Notification and the sound effects triggered by rushing to vault Windows, Pallets, or rushing to enter or exit Lockers.\nQuick & Quiet has a cool-down of 30/25/20 seconds.",
    "icon": "https://static.wikia.nocookie.net/deadbydaylight_gamepedia_en/images/1/14/IconPerks_quickAndQuiet.png"
  },
  {
    "id": 24,
    "name": "Sprint Burst",
    "code": "sprintburst",
    "survivorCode": "megthomas",
    "survivorName": "Meg Thomas",
    "description": "When starting to run, break into a sprint at 150 % of your normal Running Movement speed for 3 seconds.\nSprint Burst causes the Exhausted Status Effect for 60/50/40 seconds.\nSprint Burst cannot be used when Exhausted.\n\"See you if you can catch up...\" — Meg Thomas",
    "icon": "https://static.wikia.nocookie.net/deadbydaylight_gamepedia_en/images/e/e4/IconPerks_sprintBurst.png"
  },
  {
    "id": 25,
    "name": "Adrenaline",
    "code": "adrenaline",
    "survivorCode": "megthomas",
    "survivorName": "Meg Thomas",
    "description": "You are fuelled by unexpecting energy when on the verge of escape.\nOnce the Exit Gates are powered, instantly heal one Health State and sprint at 150% of your normal Running Movement speed for 5 seconds.\nAdrenaline is on hold if you are disabled at the moment it triggers and will instead activate upon being freed.\nIf playing against The Nightmare, Adrenaline will wake you from the Dream World upon activation.\nAdrenaline ignores an existing Exhaustion timer, but causes the Exhausted Status Effect for 60/50/40 seconds.",
    "icon": "https://static.wikia.nocookie.net/deadbydaylight_gamepedia_en/images/f/f7/IconPerks_adrenaline.png"
  },
  {
    "id": 26,
    "name": "Empathy",
    "code": "empathy",
    "survivorCode": "claudettemorel",
    "survivorName": "Claudette Morel",
    "description": "Unlocks potential in your Aura-reading ability:\nThe Auras of Survivors in the Injured State or in the Dying State within 64/96/128 meters of your location are revealed to you.\nEmpathy does not reveal the Aura of a Survivor being carried by the Killer.",
    "icon": "https://static.wikia.nocookie.net/deadbydaylight_gamepedia_en/images/a/ae/IconPerks_empathy.png"
  },
  {
    "id": 27,
    "name": "Botany Knowledge",
    "code": "bodanyknowledge",
    "survivorCode": "claudettemorel",
    "survivorName": "Claudette Morel",
    "description": "You transform plants found around The Campfire into tinctures that slow down bleeding.\nIncreases Healing speeds, as well as the efficiency of Med-Kits, by 11/22/33%.\n\"Basic Botany Knowledge could save your life someday\" — Claudette Morel",
    "icon": "https://static.wikia.nocookie.net/deadbydaylight_gamepedia_en/images/1/1e/IconPerks_botanyKnowledge.png"
  },
  {
    "id": 28,
    "name": "Self-Care",
    "code": "selfcare",
    "survivorCode": "claudettemorel",
    "survivorName": "Claudette Morel",
    "description": "Unlocks the Self-Care ability, allowing to self-heal without needing a Med-Kit.\nReduces Personal Healing speed by 50%.\nDecreases the Depletion rate of Med-Kits while self-healing by 10/15/20%.",
    "icon": "https://static.wikia.nocookie.net/deadbydaylight_gamepedia_en/images/b/b2/IconPerks_self-Care.png"
  },
  {
    "id": 29,
    "name": "Iron Will",
    "code": "ironwill",
    "survivorCode": "jakepark",
    "survivorName": "Jake Park",
    "description": "You are able to concentrate and enter a meditative-like state to numb some pain.\nLowers the volume of Grunts of Pain by 50/75/100%.",
    "icon": "https://static.wikia.nocookie.net/deadbydaylight_gamepedia_en/images/5/58/IconPerks_ironWill.png"
  },
  {
    "id": 30,
    "name": "Calm Spirit",
    "code": "calmspirit",
    "survivorCode": "jakepark",
    "survivorName": "Jake Park",
    "description": "Animals seem to trust you as they often stay calm in your presence.\nLowers the odds of alerting nearby Crows by 80/90/100%.\nSuppresses the urge to scream from pain at all times.",
    "icon": "https://static.wikia.nocookie.net/deadbydaylight_gamepedia_en/images/6/6c/IconPerks_calmSpirit.png"
  },
  {
    "id": 31,
    "name": "Saboteur",
    "code": "saboteur",
    "survivorCode": "jakepark",
    "survivorName": "Jake Park",
    "description": "Unlocks potential in your Aura-reading ability:\nWhile a Survivor is being carried, the Auras of all Hooks within 56 meters of their Pick-up location are revealed to you.\nUnlocks the ability to sabotage Hooks without needing a Toolbox:\nSabotaging a Hook without a Toolbox takes 2.5 seconds.\nThe Sabotage action has a cool-down of 90/75/60 seconds.",
    "icon": "https://static.wikia.nocookie.net/deadbydaylight_gamepedia_en/images/0/0e/IconPerks_saboteur.png"
  },
  {
    "id": 32,
    "name": "Balanced Landing",
    "code": "balancedlanding",
    "survivorCode": "neakarlsson",
    "survivorName": "Nea Karlsson",
    "description": "Your agility and cat-like relexes are incomparable.\nWhen falling from great heights, you benefit from the following effects:\nReduces the Stagger duration by 75%.\nSuppresses Grunts of Exertion from falling.\nUpon landing, break into a sprint at 150% of your normal Running Movement speed for 3 seconds.\nBalanced Landing causes the Exhausted Status Effect for 60/50/40 seconds.\nBalanced Landing cannot be used when Exhausted.\n\"I have jumped from higher places.\" — Nea Karlsson",
    "icon": "https://static.wikia.nocookie.net/deadbydaylight_gamepedia_en/images/5/5e/IconPerks_balancedLanding.png"
  },
  {
    "id": 33,
    "name": "Urban Evasion",
    "code": "urbanevasion",
    "survivorCode": "neakarlsson",
    "survivorName": "Nea Karlsson",
    "description": "Years of evading the cops taught you a thing or two about stealth.\nIncreases your Crouching Movement speed by 90/95/100%.\n\"The paint is still fresh but I am long gone.\" — Nea Karlsson",
    "icon": "https://static.wikia.nocookie.net/deadbydaylight_gamepedia_en/images/c/c7/IconPerks_urbanEvasion.png"
  },
  {
    "id": 34,
    "name": "Streetwise",
    "code": "streetwise",
    "survivorCode": "neakarlsson",
    "survivorName": "Nea Karlsson",
    "description": "Long nights out taught you to do a lot with what you have got.\nDecreases the Depletion rate of your Items by 15/20/25%.\nStreetwise extends its effect to all other Survivors within 8 meters of your location and lingers for 15 seconds.\n\"You are doing it wrong! Let me show you how it is done.\" — Nea Karlsson",
    "icon": "https://static.wikia.nocookie.net/deadbydaylight_gamepedia_en/images/f/ff/IconPerks_streetwise.png"
  },
  {
    "id": 35,
    "name": "Left Behind",
    "code": "leftbehind",
    "survivorCode": "williambilloverbeck",
    "survivorName": "William \"Bill\" Overbeck",
    "description": "You will get the job done... no matter the cost.\nWhen you are the last Survivor remaining in the Trial, the Aura of the Hatch is revealed to you when you are within 24/28/32 meters.\n\"I'm not horse-shittin' around. I'm doing this alone!\" — Bill Overbeck",
    "icon": "https://static.wikia.nocookie.net/deadbydaylight_gamepedia_en/images/c/c3/IconPerks_leftBehind.png"
  },
  {
    "id": 36,
    "name": "Borrowed Time",
    "code": "borrowedtime",
    "survivorCode": "williambilloverbeck",
    "survivorName": "William \"Bill\" Overbeck",
    "description": "You are fuelled with an unexpected energy when saving an Ally from a Hook.\nFor 8/10/12 seconds after unhooking a Survivor, the unhooked Survivor is protected by the Endurance Status Effect.\nAny damage taken that would put the Survivor into the Dying State will instead trigger the Deep Wound Status Effect, after which the Survivor has 20 seconds to Mend themselves.\nTaking damage while under the effect of Deep Wound or if its timer runs out will put the Survivor into the Dying State.\n\"Probably stings like hell, but it ain't gonna kill ya. Up and at 'em soldier. Time to move!\" — Bill Overbeck",
    "icon": "https://static.wikia.nocookie.net/deadbydaylight_gamepedia_en/images/a/a3/IconPerks_borrowedTime.png"
  },
  {
    "id": 37,
    "name": "Unbreakable",
    "code": "unbreakable",
    "survivorCode": "williambilloverbeck",
    "survivorName": "William \"Bill\" Overbeck",
    "description": "Past battles have taught you a thing or two about survival.\nOnce per Trial, you can completely recover from the Dying State.\nYour Recovery speed is increased by 25/30/35%.\n\"Goddammit, I am seriously FUBAR!\" — Bill Overbeck",
    "icon": "https://static.wikia.nocookie.net/deadbydaylight_gamepedia_en/images/4/4a/IconPerks_unbreakable.png"
  },
  {
    "id": 38,
    "name": "We're Gonna Live Forever",
    "code": "weregonnaliveforever",
    "survivorCode": "davidking",
    "survivorName": "David King",
    "description": "Your few friends deserve the best protection.\nWhen healing a dying Survivor, your Healing speed is increased by 100%.\nPerforming any of the following actions has We're Gonna Live Forever gain 1 Token:\nPerforming a Safe Hook Rescue\nTaking a Protection Hit for an injured Survivor.\nStunning or Blinding the Killer to rescue a carried Survivor.\nEach Token grants a stack-able 25% bonus to all Bloodpoint gains, up to a maximum of 50/75/100%.\nThe bonus Bloodpoints are only awarded post-Trial.\n\"Come on then, let's ave' it! I don't give a shit pal.\" — David King",
    "icon": "https://static.wikia.nocookie.net/deadbydaylight_gamepedia_en/images/b/b8/IconPerks_wereGonnaLiveForever.png"
  },
  {
    "id": 39,
    "name": "Dead Hard",
    "code": "deadhard",
    "survivorCode": "davidking",
    "survivorName": "David King",
    "description": "Activate-able Perk.\nYou can take a beating.\nWhen Injured, tap into your adrenaline bank and dash forward quickly to avoid damage.\nPress the Active Ability button while running to dash forward.\nAvoid any damage during the Dash.\nDead Hard causes the Exhausted Status Effect for 60/50/40 seconds.\nDead Hard cannot be used when Exhausted.\n\"We were walkin' through t'ginnel one night when a beer bottle flew past me, then another, and another. I thought to myself 'Gonna 'ave some fun 'ere lads, let's get stuck in!'. It were a right dust up, I swear down!\" — David King",
    "icon": "https://static.wikia.nocookie.net/deadbydaylight_gamepedia_en/images/7/75/IconPerks_deadHard.png"
  },
  {
    "id": 40,
    "name": "No Mither",
    "code": "nomither",
    "survivorCode": "davidking",
    "survivorName": "David King",
    "description": "Go on out, kid, it is just a scratch.\nYour thick blood coagulates practically instantly.\nYou suffer from the Broken Status Effect for the entire Trial, but benefit from the following effects:\nPools of Blood are suppressed.\nWhen injured or dying, Grunts of Pain are reduced by 25/50/75%.\nYour Recovery speed is increased by 15/20/25 %.\nYou can recover fully from the Dying.\n\"I lost it. Just lamped him one. They went and banned me didn't they. Went t'pub afterwards, had a few pints and moved on to the next chapter. I couldn't be mithered with it all anyway, you know what I mean? Can't be arsed.\" — David King",
    "icon": "https://static.wikia.nocookie.net/deadbydaylight_gamepedia_en/images/f/f5/IconPerks_noMither.png"
  },
  {
    "id": 41,
    "name": "Sole Survivor",
    "code": "solesurvivor",
    "survivorCode": "lauriestrode",
    "survivorName": "Laurie Strode",
    "description": "As more of your friends fall to the Killer, you become shrouded in isolation and the Killer's Aura-reading abilities towards you are disrupted.\nEach time a Survivor other than yourself is killed or sacrificed, Sole Survivor gains 1 Token, up to a maximum of 3 Tokens:\nEach Token grants a stack-able radius of 20/22/24 meters within which the Killer is unable to read your Aura, up to a maximum of 60/66/72 meters.\nIncreases the odds of becoming the Killer's initial Obsession by 100%.\nThe Killer can only be obsessed with one Survivor at a time.\n\"It was the boogeyman.\" — Laurie Strode",
    "icon": "https://static.wikia.nocookie.net/deadbydaylight_gamepedia_en/images/8/8e/IconPerks_soleSurvivor.png"
  },
  {
    "id": 42,
    "name": "Object of Obsession",
    "code": "objectofobsession",
    "survivorCode": "lauriestrode",
    "survivorName": "Laurie Strode",
    "description": "A supernatural bond links you to the Killer.\nWhenever the Killer reads your AuraIconHelp auras.png and for the same duration as they do so, Object of Obsession activates:\nThe Killer's Aura is revealed to you.\nIncreases your Action speeds in Repairing, Healing, and Cleansing by 2/4/6%.\nIf you are the Obsession, your Aura is automatically revealed to the Killer for 3 seconds every 30 seconds.\nIncreases the odds of becoming the Killer's initial Obsession by 100%.\nThe Killer can only be obsessed with one Survivor at a time.\n\"He was watching me!\" — Laurie Strode",
    "icon": "https://static.wikia.nocookie.net/deadbydaylight_gamepedia_en/images/2/2b/IconPerks_objectOfObsession.png"
  },
  {
    "id": 43,
    "name": "Decisive Strike",
    "code": "decisivestrike",
    "survivorCode": "lauriestrode",
    "survivorName": "Laurie Strode",
    "description": "Using whatever is at hand, you stab your aggressor in an ultimate attempt to escape.\nAfter being unhooked or unhooking yourself, Decisive Strike activates for the next 40/50/60 seconds:\nWhen being grabbed or picked up by the Killer, succeed a Skill Check to automatically escape their grasp, stunning them for 5 seconds.\nSuccessfuly stunning the Killer will disable Decisive Strike for the remainer of the Trial and result you in becoming the Obsession.\nWhile Decisive Strike is active, the following interactions will deactivate it:\nRepairing a Generator.\nHealing yourself or other Survivors.\nCleansing or Blessing a Totem.\nSabotaging a Hook.\nUnhooking other Survivors.\nIncreases the odds of becoming the Killer's initial Obsession by 100%.\nThe Killer can only be obsessed with one Survivor at a time.\n\"There is nothing to be scared of.\" — Laurie Strode",
    "icon": "https://static.wikia.nocookie.net/deadbydaylight_gamepedia_en/images/e/ee/IconPerks_decisiveStrike.png"
  },
  {
    "id": 44,
    "name": "Open-Handed",
    "code": "openhanded",
    "survivorCode": "acevisconti",
    "survivorName": "Ace Visconti",
    "description": "Strengthens the potential in your and your team's Aura-reading abilities.\nOpen-Handed increases all Aura-reading ranges by 8/12/16 meters.\nOpen-Handed does not stack with other instances of itself.\n\"Paying attention is what kept me alive through the years. That, and my good looks of course.\" — Ace Visconti",
    "icon": "https://static.wikia.nocookie.net/deadbydaylight_gamepedia_en/images/5/5d/IconPerks_open-Handed.png"
  },
  {
    "id": 45,
    "name": "Up the Ante",
    "code": "uptheante",
    "survivorCode": "acevisconti",
    "survivorName": "Ace Visconti",
    "description": "All will be well in the end; you just know it.\nYour confidence strengthens the feeling of hope for those around you.\nFor Each Survivor still in the Trial, Up the Ante gains 1 Token.\nEach Token applies a stack-able 1/2/3% bonus to the Luck of all Survivors, up to a maximum of 3/6/9%.\n\"What can I say? I'm just a very lucky guy... I'm sure some of it will rub off on you.\" — Ace Visconti",
    "icon": "https://static.wikia.nocookie.net/deadbydaylight_gamepedia_en/images/a/a3/IconPerks_upTheAnte.png"
  },
  {
    "id": 46,
    "name": "Ace in the Hole",
    "code": "aceinthehole",
    "survivorCode": "acevisconti",
    "survivorName": "Ace Visconti",
    "description": "Lady Luck always seems to be throwing something good your way.\nWhen retrieving an Item from a Chest, there is a chance an Add-on will be attached to it.\n100% chance for an Add-on of Very Rare Rarity or lower.\n10/25/50% chance for a second Add-on of Uncommon Rarity or lower.\nAce in the Hole allows you to keep any Add-ons your Item has equipped upon escaping.\n\"Everything that glitters isn't gold. But gold isn't worth a damn in this place, so this should come in handy.\" — Ace Visconti",
    "icon": "https://static.wikia.nocookie.net/deadbydaylight_gamepedia_en/images/2/24/IconPerks_aceInTheHole.png"
  },
  {
    "id": 47,
    "name": "Technician",
    "code": "technician",
    "survivorCode": "fengmin",
    "survivorName": "Feng Min",
    "description": "You are apt at handling machinery with the greatest care and precision.\nFailing a Skill Check while repairing:\nPrevents the Generator Explosion.\nApplies the default Regression penalty.\nApplies an additional Regression penalty of 5/4/3%.\nTechnician reduces the audible range of your Generator-repairing noises by 8 meters.\n\"I am gonna stealth this one.\" — Feng Min",
    "icon": "https://static.wikia.nocookie.net/deadbydaylight_gamepedia_en/images/6/62/IconPerks_technician.png"
  },
  {
    "id": 48,
    "name": "Lithe",
    "code": "lithe",
    "survivorCode": "fengmin",
    "survivorName": "Feng Min",
    "description": "After performing a rushed vault, break into a sprint of 150% of your normal Running Movement speed for a maximum of 3 seconds.\nLithe causes the Exhausted Status Effect for 60/50/40 seconds.\nLithe cannot be used when Exhausted.\n\"U mad?\" — Feng Min",
    "icon": "https://static.wikia.nocookie.net/deadbydaylight_gamepedia_en/images/c/cc/IconPerks_lithe.png"
  },
  {
    "id": 49,
    "name": "Alert",
    "code": "alert",
    "survivorCode": "fengmin",
    "survivorName": "Feng Min",
    "description": "Your acute senses are on high alert.\nWhenever the Killer destroys a Pallet or a Breakable Wall, or damages a Generator, their Aura is revealed to you for 3/4/5 seconds.\n\"I have true sight,\" — Feng Min",
    "icon": "https://static.wikia.nocookie.net/deadbydaylight_gamepedia_en/images/7/71/IconPerks_alert.png"
  },
  {
    "id": 50,
    "name": "Wake Up!",
    "code": "wakeup",
    "survivorCode": "quentinsmith",
    "survivorName": "Quentin Smith",
    "description": "Unlocks potential in your Aura-reading ability.\nOnce all Generators are completed, Wake Up! activates:\nThe Auras of the Exit Gate Switches are revealed to you within 128 meters.\nWhen opening an Exit Gate, your Aura is revealed to all other Survivors within 128 meters.\nYou open Exit Gates 15/20/25% faster.\n\"Ok, look. If we survive the next 24 hours, then I'll take you out on a real date.\" — Quentin Smith",
    "icon": "https://static.wikia.nocookie.net/deadbydaylight_gamepedia_en/images/f/fd/IconPerks_wakeUp.png"
  },
  {
    "id": 51,
    "name": "Pharmacy",
    "code": "pharmacy",
    "survivorCode": "quentinsmith",
    "survivorName": "Quentin Smith",
    "description": "You have a knack for finding medicine.\nUnlocking Chests is 40/60/80% faster.\nUnlocking your first Chest guarantees an Emergency Med-Kit.\nPharmacy reduces the audible range of your Chest-unlocking noises by 8 meters.\n\"Adrenaline, it is going to keep us awake. I stole it from one of the Nurse's carts.\" — Quentin Smith",
    "icon": "https://static.wikia.nocookie.net/deadbydaylight_gamepedia_en/images/f/f1/IconPerks_pharmacy.png"
  },
  {
    "id": 52,
    "name": "Vigil",
    "code": "vigil",
    "survivorCode": "quentinsmith",
    "survivorName": "Quentin Smith",
    "description": "You look over your friends even in dire situations.\nIncreases your Recovery rate from the Blindness, Broken, Exhaustion, Exposed, Haemorrhage, Hindered, and Oblivious Status Effects by 20/25/30%.\nThis effect also applies to all other Survivors within 8 meters of your location and lingers for 15 seconds.\n\"I am gonna be here when you wake up. You are gonna make it.\" — Quentin Smith",
    "icon": "https://static.wikia.nocookie.net/deadbydaylight_gamepedia_en/images/4/46/IconPerks_vigil.png"
  },
  {
    "id": 53,
    "name": "Tenacity",
    "code": "tenacity",
    "survivorCode": "davidtapp",
    "survivorName": "David Tapp",
    "description": "There is nothing stopping you.\nYour ferocious tenacity in dire situations allows you to crawl 30/40/50% faster and also recover at the same time.\n\"What the hell is this? I'm taking this bastard down!\" — Detective David Tapp",
    "icon": "https://static.wikia.nocookie.net/deadbydaylight_gamepedia_en/images/9/9d/IconPerks_tenacity.png"
  },
  {
    "id": 54,
    "name": "Detective's Hunch",
    "code": "detectiveshunch",
    "survivorCode": "davidtapp",
    "survivorName": "David Tapp",
    "description": "Unlocks potential in your Aura-reading ability.\nEach time a Generator is completed, the Auras of any Generators, Chests, and Totems within 32/48/64 meters are revealed to you for 10 seconds.\nIf you are holding a Map, any objects revealed by Detective's Hunch will automatically be tracked by it.\n\"Are you able to tell us where you were last night?\" — Detective David Tapp",
    "icon": "https://static.wikia.nocookie.net/deadbydaylight_gamepedia_en/images/7/7b/IconPerks_detectivesHunch.png"
  },
  {
    "id": 55,
    "name": "Stake Out",
    "code": "stakeout",
    "survivorCode": "davidtapp",
    "survivorName": "David Tapp",
    "description": "Getting close to the Killer fills you with determination.\nEvery 15 seconds you are standing within the Killer's Terror Radius without being chased, Stake Out gains 1 Token, up to a maximum of 2/3/4 Tokens.\nWhen Stake Out has at least 1 Token, Good Skill Checks consume 1 Token and are considered Great Skill Checks, granting an additional Progression bonus of 1%.\nGreat Skill Checks do not consume any Tokens.\n\"I had you, I had you on your knees. You're runnin' scared because we had you. We're gonna close this case!\" — Detective David Tapp",
    "icon": "https://static.wikia.nocookie.net/deadbydaylight_gamepedia_en/images/c/cd/IconPerks_stakeOut.png"
  },
  {
    "id": 56,
    "name": "Dance With Me",
    "code": "dancewithme",
    "survivorCode": "katedenson",
    "survivorName": "Kate Denson",
    "description": "When performing a rushed action to vault a Window, Pallet, or leave a Locker, you will not leave any Scratch Marks for the next 3 seconds.\nDance With Me has a cool-down of 60/50/40 seconds.\n\"Another show's off and runnin',\nDance with me, cuz there's a storm a commin'\nFollow my boots, try to keep up,\nDance with me, until sun up.\" — Kate Denson's \"Dance with Me\"",
    "icon": "https://static.wikia.nocookie.net/deadbydaylight_gamepedia_en/images/1/17/IconPerks_danceWithMe.png"
  },
  {
    "id": 57,
    "name": "Windows of Opportunity",
    "code": "windowsofopportunity",
    "survivorCode": "katedenson",
    "survivorName": "Kate Denson",
    "description": "Unlocks potential in your Aura-reading ability.\nThe Auras of Breakable Walls, Pallets, and Windows are revealed to you within 24/28/32 meters.\n\"Rise and shine, work hard, carve out your name,\nTake aim, pull the trigger, hit the bulls eye for fame,\nKnow the value of faith, an' family, and don't you complain,\nOpen wide, your windows of opportunity\" — Kate Denson's \"Windows of Opportunity\"",
    "icon": "https://static.wikia.nocookie.net/deadbydaylight_gamepedia_en/images/1/17/IconPerks_windowsOfOpportunity.png"
  },
  {
    "id": 58,
    "name": "Boil Over",
    "code": "boilover",
    "survivorCode": "katedenson",
    "survivorName": "Kate Denson",
    "description": "You are a battler and do everything to escape a foe's grasp.\nWhile being carried by the Killer, the following effects apply:\nIncreases the intensity of the Struggle Effects on the Killer from your Wiggling by 60/70/80 %.\nObscures the Auras of all Hooks from the Killer's Aura-reading abilities within 16 meters.\nFills your Wiggle Meter by 33% of your current Wiggle progression upon landing, when the Killer drops from great heights.\n\"Buck and Wild,\nSwing to be free,\nYour hands just can't keep ahold of me.\" — Kate Denson's \"Boil Over\"",
    "icon": "https://static.wikia.nocookie.net/deadbydaylight_gamepedia_en/images/f/f5/IconPerks_boilOver.png"
  },
  {
    "id": 59,
    "name": "Diversion",
    "code": "diversion",
    "survivorCode": "adamfrancis",
    "survivorName": "Adam Francis",
    "description": "Activate-able perk.\nStanding within the Killer's Terror Radius while not in a Chase for 40/35/30 seconds activates Diversion.\nOnce Diversion is activated, press the Active Ability button while crouched and motionless to throw a pebble, creating a distraction for the Killer at a distance of 20 meters.\nThe distraction consists of the following:\nA Loud Noise Notification.\nScratch Marks.\nDiversion's timer resets once the ability has been activated.\n\"There's what is easy and then there's what is right. If you confuse the two, there's no telling what you become.\" — Adam Francis",
    "icon": "https://static.wikia.nocookie.net/deadbydaylight_gamepedia_en/images/a/a6/IconPerks_diversion.png"
  },
  {
    "id": 60,
    "name": "Deliverance",
    "code": "deliverance",
    "survivorCode": "adamfrancis",
    "survivorName": "Adam Francis",
    "description": "After performing a Safe Hook Rescue on another Survivor, Deliverance activates:\nYour Self-Unhook attempts will succeed 100% of the time.\nDeliverance causes the Broken Status Effect for 100/80/60 seconds after unhooking yourself.\n\"I was raised by a strict man who taught me how to make the best of a bad situation.\" — Adam Francis",
    "icon": "https://static.wikia.nocookie.net/deadbydaylight_gamepedia_en/images/7/7e/IconPerks_deliverance.png"
  },
  {
    "id": 61,
    "name": "Autodidact",
    "code": "autodidact",
    "survivorCode": "adamfrancis",
    "survivorName": "Adam Francis",
    "description": "You start the Trial with a 25% Progression penalty for Skill Checks to heal Survivors.\nFor every successful Skill Check completed while healing a Survivor, Autodidact gains 1 Token up to a maximum of 3/4/5 Tokens.\nEach Token grants a 15% bonus Progression for a successful Skill Check while healing Survivors.\nGreat Skill Checks cannot be performed while using Autodidact.\nAutodidact is not active when using a Med-Kit to heal.\n\"There's no limit to what you can achieve, as long as you back with hard work.\" — Adam Francis",
    "icon": "https://static.wikia.nocookie.net/deadbydaylight_gamepedia_en/images/9/96/IconPerks_autodidact.png"
  },
  {
    "id": 62,
    "name": "Breakdown",
    "code": "breakdown",
    "survivorCode": "jeffjohansen",
    "survivorName": "Jeff Johansen",
    "description": "Each time you are unhooked or unhook yourself, the Hook breaks and the Killer's Aura is revealed to you for 4/5/6 seconds.\nA Hook broken by Breakdown takes 180 seconds to respawn.\n\"Charge from the Belly of the Beast.\nHere's a sketch/painting on a piece of wood I saw by the side of this road. I felt like it got a story to tell. And it didn't waste its second chance.\" — Jeff, ink and oil wash on slice of wood, 12x16",
    "icon": "https://static.wikia.nocookie.net/deadbydaylight_gamepedia_en/images/6/6c/IconPerks_breakdown.png"
  },
  {
    "id": 63,
    "name": "Aftercare",
    "code": "aftercare",
    "survivorCode": "jeffjohansen",
    "survivorName": "Jeff Johansen",
    "description": "Unlocks potential in your Aura-reading ability.\nYou see the Aura of the last 1/2/3 Survivor(s):\nYou have rescued from a Hook, or who have rescued you from a Hook.\nYou have completed a Healing action on, or who have completed a Healing action on you.\nThey also see your Aura.\nAll effects of Aftercare are reset upon being hooked by the Killer.\n\"A Mercy that Rips the Storm.\nOil work to honour my best buddies who happen to be the best musicians I know. Their first album is still my favourite. It got me through a dark time in my life.\" — Jeff, oil on canvas, 16x16",
    "icon": "https://static.wikia.nocookie.net/deadbydaylight_gamepedia_en/images/0/0d/IconPerks_aftercare.png"
  },
  {
    "id": 64,
    "name": "Distortion",
    "code": "distortion",
    "survivorCode": "jeffjohansen",
    "survivorName": "Jeff Johansen",
    "description": "You start the trial with 4 Tokens.\nWhenever the Killer attempts to read your Aura, Distortion activates and a Token is consumed:\nYour Aura will not be shown to the Killer and you will not leave any Scratch Marks for the next 6/8/10 seconds.\nDistortion does not activate when you are in the Dying State or in a Killer Trap.\n\"Death Fooled by the Cloak of Falcon Feathers.\nSketch inspired by a few sleepless nights during winter. Exploration of Norse mythology: bravery can conceal your flaws, even when you are at your most vulnerable.\" — Jeff, pencil on tone paper, 12x12",
    "icon": "https://static.wikia.nocookie.net/deadbydaylight_gamepedia_en/images/4/41/IconPerks_distortion.png"
  },
  {
    "id": 65,
    "name": "Solidarity",
    "code": "solidarity",
    "survivorCode": "janeromero",
    "survivorName": "janeromero",
    "description": "Sharing painful experiences has the power to heal.\nWhen injured, healing another Survivor without using a Med-Kit also heals you with a Conversion rate of 40/45/50%.\n\"Showing up when things get rough, listening to people's problems, and supporting those in need; that's how you become stronger, that's how you grow.\" — Jane Romero",
    "icon": "https://static.wikia.nocookie.net/deadbydaylight_gamepedia_en/images/9/9e/IconPerks_solidarity.png"
  },
  {
    "id": 66,
    "name": "Poised",
    "code": "poised",
    "survivorCode": "janeromero",
    "survivorName": "janeromero",
    "description": "Achieving goals boosts your confidence.\nAfter a GeneratorIcon is completed, you will not leave any Scratch Marks for the next 6/8/10 seconds.\n\"Ok, stay calm. Don't overthink it and just keep moving forward: you got this.\" — Jane Romero",
    "icon": "https://static.wikia.nocookie.net/deadbydaylight_gamepedia_en/images/5/52/IconPerks_poised.png"
  },
  {
    "id": 67,
    "name": "Head On",
    "code": "headon",
    "survivorCode": "janeromero",
    "survivorName": "janeromero",
    "description": "When your mind is set, there better be no one standing in your way.\nWhile standing in a Locker for 3 seconds, Head On activates:\nWhen performing a rushed action to leave a Locker, stun the Killer for 3 seconds if they are within range.\nHead On causes the Exhausted Status Effect for 60/50/40 seconds.\nHead On cannot be used when Exhausted or when you have accrued Stillness Crows.\n\"People are remembered for the challenges they overcome. You can run away and forget what you're capable of or you can face your fears and remind the world of who you are.\" — Jane Romero",
    "icon": "https://static.wikia.nocookie.net/deadbydaylight_gamepedia_en/images/c/cb/IconPerks_headOn.png"
  },
  {
    "id": 68,
    "name": "Flip-Flop",
    "code": "flipflop",
    "survivorCode": "ashjwilliams",
    "survivorName": "Ash J. Williams",
    "description": "You have an uncanny ability to escape the inevitable.\nWhile in the Dying State, 50% of your Recovery progression is converted into Wiggling progression, up to a maximum of 40/45/50%, once you are picked up by the Killer.\n\"Catch ya on the flip-flop.\" — Ash Williams",
    "icon": "https://static.wikia.nocookie.net/deadbydaylight_gamepedia_en/images/3/31/IconPerks_flip-Flop.png"
  },
  {
    "id": 69,
    "name": "Buckle Up",
    "code": "buckleup",
    "survivorCode": "ashjwilliams",
    "survivorName": "Ash J. Williams",
    "description": "Unlocks potential in your Aura-reading ability.\nYou can determine the Recovery progress of dying Survivors by the intensity of their Aura at a distance of 48 meters away.\nWhen healing another Survivor from the Dying State to the Injured State, the Killer's Aura is revealed to the both of you for 6/8/10 seconds.\n\"Ghost beaters never leave a man behind.\" — Ash Williams",
    "icon": "https://static.wikia.nocookie.net/deadbydaylight_gamepedia_en/images/7/74/IconPerks_buckleUp.png"
  },
  {
    "id": 70,
    "name": "Mettle of Man",
    "code": "mettleofman",
    "survivorCode": "ashjwilliams",
    "survivorName": "Ash J. Williams",
    "description": "Evil has a way of always finding you.\nAfter triggering your third Protection Hit, Mettle of Man activates and you are protected by the Endurance Status Effect:\nAny damage taken that would put you into the Dying State from the Injured State is blocked.\nWhen you are healed again, your Aura will be revealed to the Killer whenever you are farther than 12/14/16 meters away.\nMettle of Man deactivates the next time you are put into the Dying State.\nIncreases the odds of becoming the Killer's initial Obsession by 100%.\nThe Killer can only be obsessed with one Survivor at a time.\n\"Evil has a bullseye on my back the size of Tiger Stadium.\" — Ash Williams",
    "icon": "https://static.wikia.nocookie.net/deadbydaylight_gamepedia_en/images/5/52/IconPerks_mettleOfMan.png"
  },
  {
    "id": 71,
    "name": "Lucky Break",
    "code": "luckybreak",
    "survivorCode": "yuikimura",
    "survivorName": "Yui Kimura",
    "description": "You have had your share of scrapes and bruises, but luck is always on your side.\nWhenever you are in the Injured State, Lucky Break activates:\nBleeding and Scratch Marks are suppressed for a maximum of 40/50/60 seconds, after which Lucky Break is disabled for the remainder of the Trial.\nLucky Break deactivates when you are Healthy or in the Dying State.\n\"That's not enough to beat me. Not even close.\" — Yui Kimura",
    "icon": "https://static.wikia.nocookie.net/deadbydaylight_gamepedia_en/images/a/a7/IconPerks_luckyBreak.png"
  },
  {
    "id": 72,
    "name": "Any Means Necessary",
    "code": "anymeansnecessary",
    "survivorCode": "yuikimura",
    "survivorName": "Yui Kimura",
    "description": "You stand up for yourself, using whatever's on hand to gain an advantage.\nYou see the Auras of dropped Pallets.\nPress and hold the Active Ability button for 4 seconds while standing beside a dropped Pallet to reset it to its upright position.\nAny Means Necessary has a cool-down of 100/80/60 seconds.\n\"I'll hit you with everything I've got. Then I'll do it again.\" — Yui Kimura",
    "icon": "https://static.wikia.nocookie.net/deadbydaylight_gamepedia_en/images/7/79/IconPerks_anyMeansNecessary.png"
  },
  {
    "id": 73,
    "name": "Breakout",
    "code": "breakout",
    "survivorCode": "yuikimura",
    "survivorName": "Yui Kimura",
    "description": "You kick into high gear when someone is in trouble, inspiring them to overcome any obstacle.\nWhen within 6 meters of a carried Survivor, you gain the Haste Status Effect, moving at an increased speed of 5/6/7%.\nThe carried Survivor's Wiggling speed is increased by 20%.\n\"Come, we're going to rip our way out of this.\" — Yui Kimura",
    "icon": "https://static.wikia.nocookie.net/deadbydaylight_gamepedia_en/images/d/d0/IconPerks_breakout.png"
  },
  {
    "id": 74,
    "name": "Off the Record",
    "code": "offtherecord",
    "survivorCode": "zarinakassir",
    "survivorName": "Zarina Kassir",
    "description": "You have learnt that a quiet approach is sometimes best.\nAfter being unhooked or unhooking yourself, Off the Record activates for the next 60/70/80 seconds:\nYour Aura will not be shown to the Killer if they attempt to read it.\nWhen injured, Grunts of Pain are reduced by 100%.\n\"Trust me, I investigate thoroughly and discreetly.\" — Zarina Kassir",
    "icon": "https://static.wikia.nocookie.net/deadbydaylight_gamepedia_en/images/9/9e/IconPerks_offTheRecord.png"
  },
  {
    "id": 75,
    "name": "Red Herring",
    "code": "redherring",
    "survivorCode": "zarinakassir",
    "survivorName": "Zarina Kassir",
    "description": "You have noticed that people pay attention to whatever makes the loudest noise.\nAfter repairing a Generator for at least 3 seconds, its Aura is highlighted to you in yellow.\nThe Generator stays highlighted until it is either fully repaired, you start repairing another Generator, or enter a Locker.\nEntering a Locker will trigger a Loud Noise Notification for the Killer at the highlighted Generator's location.\nRed Herring has a cool-down of 60/50/40 seconds.\n\"The news edit out what is burdensome and complex. which is the truth.\" — Zarina Kassir",
    "icon": "https://static.wikia.nocookie.net/deadbydaylight_gamepedia_en/images/1/1c/IconPerks_redHerring.png"
  },
  {
    "id": 76,
    "name": "For the People",
    "code": "forthepeople",
    "survivorCode": "zarinakassir",
    "survivorName": "Zarina Kassir",
    "description": "You risk life and injury for others.\nFor the People is only active while at full health.\nPress the Active Ability button while healing another Survivor without a Med-Kit to instantly heal them 1 Health State.\nYou become the Obsession.\nFor the People causes the Broken Status Effect for 80/70/60 seconds after using it.\nLowers the odds of becoming the Killer's initial Obsession by 100%.\nThe Killer can only be obsessed with one Survivor at a time.\n\"We can write our own story and decide how it really ends.\" — Zarina Kassir",
    "icon": "https://static.wikia.nocookie.net/deadbydaylight_gamepedia_en/images/3/31/IconPerks_forThePeople.png"
  },
  {
    "id": 77,
    "name": "Soul Guard",
    "code": "soulguard",
    "survivorCode": "cherylmason",
    "survivorName": "Cheryl Mason",
    "description": "You have been through immense hardship and you're stronger for it.\nAfter being healed from or having recovered from the Dying State, Soul Guard grants you the Endurance Status Effect for the next 4/6/8 seconds.\nAny damage taken that would put you into the Dying State will instead trigger the Deep Wound Status Effect, after which you have 20 seconds to Mend yourself.\nTaking any damage while under the effect of Deep Wound or if its timer runs out will put you into the Dying State.\nSoul Guard allows you to completely recover from the Dying State when you are affected by the Cursed Status Effect.\nSoul Guard has a cool-down of 30 seconds.",
    "icon": "https://static.wikia.nocookie.net/deadbydaylight_gamepedia_en/images/a/a5/IconPerks_soulGuard.png"
  },
  {
    "id": 78,
    "name": "Blood Pact",
    "code": "bloodpact",
    "survivorCode": "cherylmason",
    "survivorName": "Cheryl Mason",
    "description": "It is as if a latent part of yourself has awakened.\nYou feel like you can reach out beyond yourself for assistance.\nWhen you or the Obsession are injured, you both see each other's Auras.\nAfter healing the Obsession or being healed by the Obsession, you both gain the Haste Status Effect, moving at an increased speed of 5/6/7% until you are no longer within 16 meters of each other.\nIf you are the Obsession, Blood Pact deactivates.\nLowers the odds of becoming the Killer's initial Obsession by 100%.\nThe Killer can only be obsessed with one Survivor at a time.",
    "icon": "https://static.wikia.nocookie.net/deadbydaylight_gamepedia_en/images/c/c9/IconPerks_bloodPact.png"
  },
  {
    "id": 79,
    "name": "Repressed Alliance",
    "code": "repressedalliance",
    "survivorCode": "cherylmason",
    "survivorName": "Cheryl Mason",
    "description": "You are accustomed to being hunted by malicious forces, and you have begun using it to your advantage.\nAfter repairing Generators for a total of 55/50/45 seconds, Repressed Alliance activates:\nPress the Active Ability button to call upon The Entity to block the Generator you are currently repairing for 30 seconds, after which Repressed Alliance deactivates.\nThe Aura of the blocked Generator is revealed to all Survivors in white.",
    "icon": "https://static.wikia.nocookie.net/deadbydaylight_gamepedia_en/images/3/31/IconPerks_repressedAlliance.png"
  },
  {
    "id": 80,
    "name": "Visionary",
    "code": "visionary",
    "survivorCode": "felixrichter",
    "survivorName": "Felix Richter",
    "description": "You are remarkably focused on your means of escape.\nThe Auras of Generators are revealed to you within 32 meters.\nEach time a Generator is completed, Visionary is disabled for 20/18/16 seconds.",
    "icon": "https://static.wikia.nocookie.net/deadbydaylight_gamepedia_en/images/7/7c/IconPerks_visionary.png"
  },
  {
    "id": 81,
    "name": "Desperate Measures",
    "code": "desperatemeasures",
    "survivorCode": "felixrichter",
    "survivorName": "Felix Richter",
    "description": "You refuse to fail, even during your darkest hour.\nIncreases Healing and Unhooking speeds by 10/12/14 % for each injured, hooked, or dying Survivor, up to a maximum of 40/48/56 %.\n\"When they come with a wrecking ball, build stronger walls.\" — Felix Richter",
    "icon": "https://static.wikia.nocookie.net/deadbydaylight_gamepedia_en/images/8/84/IconPerks_desperateMeasures.png"
  },
  {
    "id": 82,
    "name": "Built to Last",
    "code": "builttolast",
    "survivorCode": "felixrichter",
    "survivorName": "Felix Richter",
    "description": "You know how to get the most out of your tools.\nHiding inside a Locker for 14/13/12 seconds while carrying a depleted Item will replenish its Charges to 99 %.\nEach use of Built to Last reduces this percentage by 33%.\n\"Architecture is the soul of civilisation.\" — Felix Richter",
    "icon": "https://static.wikia.nocookie.net/deadbydaylight_gamepedia_en/images/3/3b/IconPerks_builtToLast.png"
  },
  {
    "id": 83,
    "name": "Appraisal",
    "code": "appraisal",
    "survivorCode": "elodierakoto",
    "survivorName": "Élodie Rakoto",
    "description": "You have a careful eye that notices what many overlook.\nStart the Trial with 3 Tokens:\nWhen a Chest has already been opened, consume 1 Token to rummage through it for an Item.\nRummage through Chests 40/60/80% faster.\nRummaging is only available once per Chest.",
    "icon": "https://static.wikia.nocookie.net/deadbydaylight_gamepedia_en/images/c/c1/IconPerks_appraisal.png"
  },
  {
    "id": 84,
    "name": "Deception",
    "code": "deception",
    "survivorCode": "elodierakoto",
    "survivorName": "Élodie Rakoto",
    "description": "Your adventurous lifestyle requires moments of crafty misdirection.\nInteract with a Locker while holding the Sprint button to trigger a Loud Noise Notification for the killer at your location instead of entering the Locker.\nYou will not leave any Scratch Marks or Pools of Blood for the next 3 seconds.\nDeception can only be triggered once every 60/50/40 seconds.",
    "icon": "https://static.wikia.nocookie.net/deadbydaylight_gamepedia_en/images/e/eb/IconPerks_deception.png"
  },
  {
    "id": 85,
    "name": "Power Struggle",
    "code": "powerstruggle",
    "survivorCode": "elodierakoto",
    "survivorName": "Élodie Rakoto",
    "description": "You have never given up and you are not about to start now.\nReveals the Auras of available Pallets whenever you are in the Dying State.\nWhile being carried by The Killer, reaching 25/20/15% Wiggling progression activates Power Struggle:\nYou can drop a nearby, standing Pallet to stun the Killer and escape their grasp.\nPower Struggle deactivates after triggering successfully.\n\"I relied on others to protect me once and I lost everything. Never again.\" — Élodie Rakoto",
    "icon": "https://static.wikia.nocookie.net/deadbydaylight_gamepedia_en/images/4/4b/IconPerks_powerStruggle.png"
  },
  {
    "id": 86,
    "name": "Fast Track",
    "code": "fasttrack",
    "survivorCode": "yunjinlee",
    "survivorName": "Yun-Jin Lee",
    "description": "Sometimes the sacrifice of others is necessary to get ahead.\nWhenever another Survivor is hooked, Fast Track gains 1/2/3 Tokens, up to a maximum of 9/18/27 Tokens.\nYou consume all accumulated Tokens after a Great Skill Check on a Generator.\nEach Token grants a stack-able 1% Progression bonus in addition to the default Progression bonus for succeeding a Great Skill Check.\n\"The weak are sacrificed first. It's nature, it's business... it's the truth most refuse to face.\" — Yun-Jin Lee",
    "icon": "https://static.wikia.nocookie.net/deadbydaylight_gamepedia_en/images/7/75/IconPerks_fastTrack.png"
  },
  {
    "id": 87,
    "name": "Smash Hit",
    "code": "smashhit",
    "survivorCode": "yunjinlee",
    "survivorName": "Yun-Jin Lee",
    "description": "When your rival makes a mistake, you seize the opportunity.\nAfter stunning the Killer with a Pallet, break into a sprint at 150% of your normal Running Movement speed for 4 seconds.\nSmash Hit causes the Exhausted Status Effect for 60/50/40 seconds.\nSmash Hit cannot be used when Exhausted.\n\"I have dealt with psychopaths in suits. You're just uglier and worse dressed.\" — Yun-Jin Lee",
    "icon": "https://static.wikia.nocookie.net/deadbydaylight_gamepedia_en/images/e/e0/IconPerks_smashHit.png"
  },
  {
    "id": 88,
    "name": "Self-Preservation",
    "code": "selfpreservation",
    "survivorCode": "yunjinlee",
    "survivorName": "Yun-Jin Lee",
    "description": "Life is unforgiving.\nThe more confirmation you get of that, the more prepared you become.\nWhenever another Survivor is hit with a Basic Attack or Special Attack within 16 meters of you, Self-Preservation activates:\nScratch Marks, Grunts of Pain when injured, and Bleeding are suppressed for the next 6/8/10 seconds.\n\"Something I learnt in the industry: when the axe is swinging, keep your head down.\" — Yun-Jin Lee",
    "icon": "https://static.wikia.nocookie.net/deadbydaylight_gamepedia_en/images/4/43/IconPerks_self-Preservation.png"
  },
  {
    "id": 89,
    "name": "Counterforce",
    "code": "counterforce",
    "survivorCode": "jillvalentine",
    "survivorName": "Jill Valentine",
    "description": "You know how to withstand an enemy stronger than you, and it starts with hunting down and knocking out their support.\nYou cleanse Totems 20 % faster.\nGain another, stack-able 20% Cleansing Speed bonus per cleansed Totem.\nAfter cleansing a Totem, the Aura of the Totem farthest from you is revealed to you for 2/3/4 seconds.\n\"I don't mind a little detective work.\" — Jill Valentine",
    "icon": "https://static.wikia.nocookie.net/deadbydaylight_gamepedia_en/images/d/d1/IconPerks_counterforce.png"
  },
  {
    "id": 90,
    "name": "Resurgence",
    "code": "resurgence",
    "survivorCode": "jillvalentine",
    "survivorName": "Jill Valentine",
    "description": "You have come back from near impossible odds... and you will do it again.\nAfter being unhooked or unhooking yourself, instantly gain 40/45/50% to your Healing progress.\n\"It's my turn, bitch!\" — Jill Valentine",
    "icon": "https://static.wikia.nocookie.net/deadbydaylight_gamepedia_en/images/f/f3/IconPerks_resurgence.png"
  },
  {
    "id": 91,
    "name": "Blast Mine",
    "code": "blastmine",
    "survivorCode": "jillvalentine",
    "survivorName": "Jill Valentine",
    "description": "When direct combat is not an option, you still find ways to strike back.\nAfter repairing Generators for a total of 66%, Blast Mine activates:\nAfter repairing a Generator for at least 3 seconds, press the Ability button to install a Trap, which stays active for 35/40/45 seconds.\nThe Aura of Trapped Generators are revealed in yellow to all Survivors.\nWhen the Killer damages a Trapped Generator, the Trap explodes, stunning them and blinding anyone nearby.\nBlast Mine deactivates after triggering successfully.\n\"You want S.T.A.R.S.? I'll give you S.T.A.R.S.!\" — Jill Valentine",
    "icon": "https://static.wikia.nocookie.net/deadbydaylight_gamepedia_en/images/1/1c/IconPerks_blastMine.png"
  },
  {
    "id": 92,
    "name": "Bite the Bullet",
    "code": "bitethebullet",
    "survivorCode": "leonscottkennedy",
    "survivorName": "Leon Scott Kennedy",
    "description": "Pain hurts you as much as anyone, but you would prefer others do not know that.\nWhen healing yourself or another Survivor, Grunts of Pain and all noises related to the Healing action are suppressed:\nFailed Healing Skill Checks do not trigger a Loud Noise Notification and only apply a Regression penalty of 3/2/1 %.\n\"I can do this.\" — Leon Scott Kennedy",
    "icon": "https://static.wikia.nocookie.net/deadbydaylight_gamepedia_en/images/a/a5/IconPerks_biteTheBullet.png"
  },
  {
    "id": 93,
    "name": "Flashbang",
    "code": "flashbang",
    "survivorCode": "leonscottkennedy",
    "survivorName": "Leon Scott Kennedy",
    "description": "You have adapted to a world in chaos and making what you can from the debris.\nAfter repairing Generators for a total of 70/60/50%, Flashbang activates:\nEnter a Locker while empty-handed and press the Ability button to craft a Flash Grenade.\nThe Flashbang is left behind when escaping the Trial.\n\"Get outta my face!\" — Leon Scott Kennedy",
    "icon": "https://static.wikia.nocookie.net/deadbydaylight_gamepedia_en/images/d/db/IconPerks_flashbang.png"
  },
  {
    "id": 94,
    "name": "Rookie Spirit",
    "code": "rookiespirit",
    "survivorCode": "leonscottkennedy",
    "survivorName": "Leon Scott Kennedy",
    "description": "You keep a careful eye on objectives when they are slipping away.\nWhile repairing Generators, complete 5/4/3 Good or Great Skill Checks to activate Rookie Spirit for the remainder of the Trial:\nOnce active, the Auras of any regressing Generators are revealed to you.\n\"I'll stop this, lieutenant. I promise.\" — Leon Scott Kennedy",
    "icon": "https://static.wikia.nocookie.net/deadbydaylight_gamepedia_en/images/2/2f/IconPerks_rookieSpirit.png"
  },
  {
    "id": 95,
    "name": "Clairvoyance",
    "code": "clairvoyance",
    "survivorCode": "mikaelareid",
    "survivorName": "Mikaela Reid",
    "description": "There is an intrinsic energy in you that sees beyond your vision.\nWhenever you cleanse a Totem, Clairvoyance activates:\nWhen empty-handed, press and hold the Ability button to unlock your full Aura-reading potential, allowing you to see the Auras of the Exit Gate Switches, Generators, Hooks, Chests, and the Hatch within 64 meters for 8/9/10 seconds.\n\"Does anyone else see that? Just me?\" — Mikaela Reid",
    "icon": "https://static.wikia.nocookie.net/deadbydaylight_gamepedia_en/images/9/91/IconPerks_clairvoyance.png"
  },
  {
    "id": 96,
    "name": "Boon: Circle of Healing",
    "code": "booncircleofhealing",
    "survivorCode": "mikaelareid",
    "survivorName": "Mikaela Reid",
    "description": "A Boon that offers comfort amidst the terror.\nPress and hold the Active Ability button near a Dull or Hex Totem to bless it and create a Boon Totem.\nSoft chimes ring out within a radius of 24 meters.\nSurvivors inside the Boon Totem's range benefit from the following effects:\n40/45/50% bonus to all Healing speeds.\nUnlocks the Self-Care ability, allowing to self-heal without needing a Med-Kit.\nReduces Personal Healing speed by 50%.\nBenefits from the general Healing Speed bonus.\nBoon: Circle of Healing does not stack with other instances of itself.\nYou can only bless one Totem at a time.\nAll equipped Boon Perks are active on the same Boon Totem.\n\"Try this, it is better than anything you'll find in a pharmacy.\" — Mikaela Reid",
    "icon": "https://static.wikia.nocookie.net/deadbydaylight_gamepedia_en/images/5/54/IconPerks_boonCircleOfHealing.png"
  },
  {
    "id": 97,
    "name": "Boon: Shadow Step",
    "code": "boonshadowstep",
    "survivorCode": "mikaelareid",
    "survivorName": "Mikaela Reid",
    "description": "A Boon that conceals the truth.\nPress and hold the Active Ability button near a Dull or Hex Totem to bless it and create a Boon Totem.\nSoft chimes ring out within a radius of 24 meters.\nSurvivors inside the Boon Totem's range benefit from the following effects:\nScratch Marks are suppressed.\nAuras are hidden from The Killer.\nBoth effects linger for 2/3/4 seconds after leaving the Boon Totem's range.\nYou can only bless one Totem at a time.\nAll equipped Boon Perks are active on the same Boon Totem.\n\"Stick to the shadows and cover your tracks.\" — Mikaela Reid",
    "icon": "https://static.wikia.nocookie.net/deadbydaylight_gamepedia_en/images/c/c7/IconPerks_boonShadowStep.png"
  },
  {
    "id": 98,
    "name": "Overcome",
    "code": "overcome",
    "survivorCode": "jonahvasquez",
    "survivorName": "Jonah Vasquez",
    "description": "You have calculated how much energy you can risk to expend.\nWhenever you become injured, you retain the Movement Speed burst for 2 additional seconds.\nOvercome causes the Exhausted Status Effect for 60/50/40 seconds.\nOvercome cannot be used when Exhausted.\n\"After careful analysis, we are getting the hell out of here!\" — Jonah Vasquez",
    "icon": "https://static.wikia.nocookie.net/deadbydaylight_gamepedia_en/images/8/82/IconPerks_overcome.png"
  },
  {
    "id": 99,
    "name": "Corrective Action",
    "code": "correctiveaction",
    "survivorCode": "jonahvasquez",
    "survivorName": "Jonah Vasquez",
    "description": "You quickly analyse problems and correct others' work when they make a mistake.\nYou start the Trial with 1/2/3 Token(s) and gain a Token each time you succeed at a Great Skill Check, up to a maximum of 5 Tokens.\nEach time another Survivor cooperating with you on the same Generator fails a Skill Check, Corrective Action consumes 1 Token, transforming their Failed Skill Check into Good Skill Check instead.\nCorrective Action only applies to normal Skill Checks.\n\"Cannot hurt to have another set of eyes on the problem.\" — Jonah Vasquez",
    "icon": "https://static.wikia.nocookie.net/deadbydaylight_gamepedia_en/images/4/4f/IconPerks_correctiveAction.png"
  },
  {
    "id": 100,
    "name": "Boon: Exponential",
    "code": "boonexponential",
    "survivorCode": "jonahvasquez",
    "survivorName": "Jonah Vasquez",
    "description": "When it seems like your number is up, you consider ways to recalculate the odds.\nPress and hold the Active Ability button near a Dull or Hex Totem to bless it and create a Boon Totem.\nSoft chimes ring out within a radius of 24 meters.\nSurvivors inside the Boon Totem's range benefit from the following effects:\n90/95/100% bonus to the Recovery speed.\nUnlocks the Self-Recovery ability, allowing you to fully recover from the Dying State.\nYou can only bless one Totem at a time.\nAll equipped Boon Perks are active on the same Boon Totem.\n\"It is not our time to die... probably.\" — Jonah Vasquez",
    "icon": "https://static.wikia.nocookie.net/deadbydaylight_gamepedia_en/images/7/76/IconPerks_boonExponential.png"
  },
  {
    "id": 101,
    "name": "Parental Guidance",
    "code": "parentalguidance",
    "survivorCode": "yoichiasakawa",
    "survivorName": "Yoichi Asakawa",
    "description": "You have inherited the ability to hear the dead — and now the dead warn you of danger.\nAfter stunning the Killer by any means, Parental Guidance suppresses your Scratch Marks, Pools of Blood, and Grunts of Pain for the next 5/6/7 seconds.",
    "icon": "https://static.wikia.nocookie.net/deadbydaylight_gamepedia_en/images/4/46/IconPerks_parentalGuidance.png"
  },
  {
    "id": 102,
    "name": "Empathic Connection",
    "code": "empathicconnection",
    "survivorCode": "yoichiasakawa",
    "survivorName": "Yoichi Asakawa",
    "description": "Your presence psychically projects itself to those in danger.\nWhenever another Survivor is injured, they can see your Aura when within 32/64/96 meters of your location.\nYou heal other Survivors 10% faster.",
    "icon": "https://static.wikia.nocookie.net/deadbydaylight_gamepedia_en/images/1/14/IconPerks_empathicConnection.png"
  },
  {
    "id": 103,
    "name": "Boon: Dark Theory",
    "code": "boondarktheory",
    "survivorCode": "yoichiasakawa",
    "survivorName": "Yoichi Asakawa",
    "description": "Your obsessive study of the paranormal has given you unprecedented knowledge of other Realms and planes of existence.\nPress and hold the Active Ability button near a Dull or Hex Totem to bless it and create a Boon Totem.\nSoft chimes ring out within a radius of 24 meters.\nSurvivors inside the Boon Totem's range benefit from the following effects:\n2% Haste Status Effect.\nThis effect lingers for 2/3/4 seconds after leaving the Boon Totem's range.\nYou can only bless one Totem at a time.\nAll equipped Boon Perks are active on the same Boon Totem.",
    "icon": "https://static.wikia.nocookie.net/deadbydaylight_gamepedia_en/images/6/60/IconPerks_boonDarkTheory.png"
  }
]
