﻿Name,Country,Years active,Proven victims,Possible victims,Notes
Charlie Brandt,United States,1971 to 2004,4,29,"Committed suicide by hanging after murdering his wife and niece. The latter was also decapitated and eviscerated in a manner strongly similar to 26 unsolved murders of women in Florida, starting in 1973, the year Brandt moved to the state. Brandt was later considered the culprit in one of these murders, due to his strong resemblance to a suspect who was filmed by a traffic camera near the place where one body was found. He could not be officially tied to the other crimes due to lack of evidence. Previously, when he was 13 years old in 1971, he attempted to murder his whole family with a gun, for no apparent reason. His mother (who was pregnant) died in this attack, but his father survived, and his sister escaped."
Robert Black,"United Kingdom
Ireland (suspected)
West Germany (suspected)
Netherlands (suspected)
France (suspected)",1981 to 1986,4,18+,"Convicted of kidnapping, raping and murdering four girls aged between five and 11. Suspect in other earlier child murders in the UK and other European countries. Died weeks before he was to be charged with a fifth child murder."
Max Gufler,Austria,1946 to 1958,4,18,"Poisoned and drowned four women, but suspected of killing 18 in total."
Ernesto Picchioni,Italy,1949 and earlier,4,16,Murdered people who approached his home; died of cardiac arrest in 1967.
Baekuni,Indonesia,1993 to 2010,4,14,"Pedophile who raped and killed young boys; initially sentenced to life imprisonment, but changed to the death sentence."
Igor Chernat,Soviet Union,1985 to 1986,4,13,"Known as the ""Evil Spirit of Kaukjarvi""; Ukrainian soldier who raped and killed women in Kamenka, selling their stolen items afterwards; executed 1987."
Ricky Lee Green,United States,1985 to 1986,4,12,Bisexual drifter who killed people he met in bars; his wife assisted in two of the murders; executed in 1997.
Robert Hicks Murray,United Kingdom,1912 and earlier,4,11+,Bigamist who murdered his wife and three children in a murder-suicide; posthumously revealed to have killed previous wives as well.
Dallen Bounds,United States,1999,4,4+,"Murdered a Radio Shack manager, and a florist at their respective places of business. Then murdered two acquaintances before taking two others hostage and committing suicide. Suspected of additional murders in the Pacific Northwest."
Stephen Port,United Kingdom,2014 to 2015,4,4+,"Nicknamed ""The Grindr Killer"", Port met his victims via online gay social networks. He used gamma-Hydroxybutyric acid (GHB), a date rape drug, adding it to drinks given to his victims, raped them, and murdered four of them in his flat in Barking, east London."
Robert Maudsley,United Kingdom,1974 to 1978,4,4,"Sentenced to life without parole in 1974 for murdering a man who had shown him pictures of young boys he had sexually abused. Subsequently, killed another child sex offender in Broadmoor high-security hospital and two more, including a child sex offender, in prison. Has been held in solitary confinement since 1983."
Sharon Kinne,United States,1960 to 1964,3,3,Sociopathic serial killer that murdered romantic partners with a handgun. Currently at large since her escape from prison in 1969.
Ted Kaczynski,United States,1978 to 1996,3,3,"Domestic terrorist and serial bomber known as the ‘Unabomber’, Kaczynski was responsible for more than two dozen bombings of universities and one airline bombing from 1978 to 1996, justified by Kaczynski by his philosophy that technological advancements would destroy humanity. Arrested in 1996 due to his brother David recognizing the then unidentified Unabomber's manifesto titled: Industrial Society and Its Future, as the work of Kaczynski. Currently imprisoned at ADX Florence."
Robert Ben Rhoades,United States,1989 to 1990,3,50+,Convicted of murdering three women in Texas and Illinois between 1989 and 1990. Sentenced to life imprisonment.
Peter Tobin,United Kingdom,1991 to 2006,3,48,"Scottish rapist and serial killer known to have killed at least three young women. Also a suspect in the Bible John murders, committed in Glasgow during the late 1960s."
Pedro Padilla Flores,Mexico,1986,3,30,Killed three women in 1986; fled to the US but recaptured and deported back to Mexico; main suspect in the Ciudad Juárez Murders.
Billy Glaze,United States,1986 to 1987,3,20+,"Known as ""Butcher Knife Billy"". Killer convicted of raping and murdering three Native American prostitutes in Minneapolis in 1986 and 1987."
Bertha Gifford,United States,1909 to 1928,3,17,"Found not guilty by reason of insanity of three arsenic poisonings and suspected of 14 other killings, mostly children, in Missouri."
Bernhard Prigan,"Allied-occupied Germany
West Germany",1947 to 1952,3,16,Killed women near highways; confessed to a total of 16 murders.
Stephen Griffiths,United Kingdom,2009 to 2010,3,14,"Known to have killed three prostitutes, but claims to have killed 14 to beat ""Yorkshire Ripper"" Peter Sutcliffe. Dubbed himself the ""Crossbow Cannibal"" as he killed his victims with a hammer and crossbow and then later ate parts of them."
Koos Hertogs,Netherlands,1979 to 1980,3,12,"Dutch serial killer convicted of abducting, torturing, raping and killing three girls. Suspected of killing a further three to nine girls and young women in the 1970s."
Chisako Kakehi,Japan,2007 to 2013,3,10,"Poisoned her husband and two other men to death, but suspected in another seven deaths; sentenced to death."
Dorothea Puente,United States,1982 to 1988,3,9–25,Ran a boarding house in Sacramento where she poisoned tenants and buried them in the yard in order to steal their social security checks.
Patrick Mackay,United Kingdom,1973 to 1975,3,12,"Burglar suspect of 12 violent murders during robberies, charged with five and convicted of three. Bragged that he had killed 11 people. In prison for life."
Leonarda Cianciulli,Italy,1939 to 1940,3,-,"Murdered three women in the town of Correggio, Reggio Emilia, and turned their bodies into soap and cakes."
Özkan Zengin,Turkey,2008,3,4,Slit the throats of three confirmed victims before dumping the bodies in wells. Reportedly confessed to an additional murder.
Albert Fish,United States,1924 to 1932,3,9-100+,American serial killer and child rapist who confessed to three murders for which he was convicted and sentenced to death.
Heriberto Seda,United States,1990 to 1996,3,8+,"Considered to be a copycat of the Zodiac Killer. Claimed to have killed people based on their zodiac signs, and only killed when certain star formations were out."
John Martin,United Kingdom,1995,3,3+,"(Birth name John Martin Scripps, alias Simon James Davis) While on the run after escaping Britain, Martin killed at least three tourists between 8 and 14 March 1995 and robbed them of their possessions and money: one in Singapore and two in Thailand. He also dismembered their bodies and dumped them in various areas, such as the sea or abandoned places. Martin was also alleged to have killed at least three more people in other countries, such as the USA, but these were unconfirmed. He was arrested in Changi Airport when he returned to Singapore on 19 March 1995, and was charged with murder. Martin was found guilty of the one murder he committed in Singapore and thus sentenced to death in November 1995. Martin was executed on 19 April 1996, after he declined to appeal against his sentence."
