Area Code,Parliamentary Constituency,Persons-2008,Males-2008,Females-2008,% aged 0-14-2008,% aged 15-34-2008,% aged 35-54-2008,% aged 55-74-2008,% aged 75+-2008,Area_sqkm-2008,Pop Density (sqkm)-2008,% of London Population-2008,% All people-2001,% White British-2001,% White Irish-2001,% White Other White-2001,% Mixed White and Black Caribbean-2001,% Mixed White and Black African-2001,% Mixed White and Asian-2001,% Mixed Other Mixed-2001,% Asian or Asian British Indian-2001,% Asian or Asian British Pakistani-2001,% Asian or Asian British Bangladeshi-2001,% Asian or Asian British Other Asian-2001,% Black or Black British Black Caribbean-2001,% Black or Black British Black African-2001,% Black or Black British Other Black-2001,% Chinese or other ethnic group Chinese-2001,% Chinese or other ethnic group Other Ethnic Group-2001,White-2001,Mixed-2001,Asian-2001,Black-2001,Chinese/Other-2001,Actual deaths-2008,Births-2008,General Fertility Rate-2008,SMR-2008,Infant Mortality rate-2008,Dwelling Stock; Total-2008,% dwellings in Bands A or B-2008,"% dwellings in Bands C, D, and E-2008","% dwellings in Bands F, G and H-2008",Dwellings in Band A-2008,Dwellings in Band B-2008,Dwellings in Band C-2008,Dwellings in Band D-2008,Dwellings in Band E-2008,Dwellings in Band F-2008,Dwellings in Band G-2008,Dwellings in Band H-2008,Unequivalised Mean Income-£-2009,% under £20k-2009,% over £50k-2009,Equivalised Mean Income-£-2009,% under £20k-2009,% over £50k-2009,Disability Living Allowance Claimants; Total-2008,16 to 59-2008,Disability Living Allowance-2008,Incapacity Benefit/Severe Disablement Allowance Claimants; Total-2008,16 to 64-2008,Incapacity Benefit/Severe Disablement Allowance-2008,Income Support Claimants; Total-2008,16 to 59-2008,Income Support-2008,% of London total-2008,Jobseekers Allowance Claimants; Total-2008,Working age-2008,Jobseekers Allowance-2008,Jobseekers Allowance Claimants; Male-2008,Male 16-64-2008,Jobseekers Allowance (Males)-2008,Jobseekers Allowance Claimants; Female-2008,Female 16-59-2008,Jobseekers Allowance (Females)-2008,Jobseekers Allowance Claimants; Aged 16-24-2008,16 to 24-2008,Jobseekers Allowance (16-24)-2008,Jobseekers Allowance Claimants; Aged 25-49-2008,25 to 49-2008,Jobseekers Allowance (25-49)-2008,Jobseekers Allowance Claimants; Aged 50 and Over-2008,50 to pension age-2008,Jobseekers Allowance (50 to pension age)-2008,Pension Credit Claimants; Total-2008,60 and over-2008,Pension Credit-2008,Claimants-Persons-Jan-10,Claimants-Males-Jan-10,Claimants-Females-Jan-10,Claimants-16-24-Jan-10,Labour Force-Persons-Jan-10,Labour Force-Males-Jan-10,Labour Force-Females-Jan-10,Labour Force-16-24-Jan-10,Rates-Persons-Jan-10,Rates-Males-Jan-10,Rates-Females-Jan-10,Rates-16-24-Jan-10,Total Notifiable Offences-2009,Violence Against The Person-2009,Sexual Offences-2009,Robbery-2009,Burglary-2009,Theft & Handling-2009,Fraud & Forgery-2009,Criminal Damage-2009,Drugs-2009,Total Notifiable Offences-2009,Violence Against The Person-2009,Sexual Offences-2009,Robbery-2009,Burglary-2009,Theft & Handling-2009,Fraud & Forgery-2009,Criminal Damage-2009,Drugs-2009,Total Fires-2006,Total Casualties-2006,Dwellings-2006,Fires per 1000 dwellings-2006,Casualties per 100 fires-2006,Total Area of All Land Types Square metres (m2)(thousands) 2005-2006,Area of Domestic Buildings-2005,Area of Non Domestic Buildings-2005,Area of Road-2005,Area of Path-2005,Area of Rail-2005,Area of Domestic Gardens-2005,Area of Greenspace-2005,Area of Water-2005,Area of Other Land Uses-2005,Area of Unclassified Land-2005,Area of Admin Geography-2005,Area of Domestic Buildings-2005,Area of Non Domestic Buildings-2005,Area of Road-2005,Area of Path-2005,Area of Rail-2005,Area of Domestic Gardens-2005,Area of Greenspace-2005,Area of Water-2005,Area of Other Land Uses-2005,Area of Unclassified Land-2005,Area of Admin Geography-2005,All VAT Based Local Units-2004,Agriculture-2004,Production-2004,Construction-2004,Motor Trades-2004,Wholesale-2004,Retail-2004,Hotels & Catering-2004,Transport-2004,Post & Telecommunications-2004,Finance-2004,Property & Business Services-2004,Education-2004,Health-2004,Public Admin & Other Services-2004,Agriculture-2004,Production-2004,Construction-2004,Motor Trades-2004,Wholesale-2004,Retail-2004,Hotels & Catering-2004,Transport-2004,Post & Telecommunications-2004,Finance-2004,Property & Business Services-2004,Education-2004,Health-2004,Public Admin & Other Services-2004,"Tranport, Post, Telecomms, and Motor Trade-2004",Average Point Score of Pupils Eligible for KS1 Assessment-2008,Average Point Score of Pupils Eligible for KS2 Assessment-2008,Average GCSE and Equivalent Point Score Per Pupil at the End of KS4-2008,Average Capped GCSE and Equivalent Point Score Per Pupil at the End of KS4-2008,Average GCSE and Equivalent Point Score Per Boy Pupil at the End of KS4-2008,Average Capped GCSE and Equivalent Point Score Per Boy Pupil at the End of KS4-2008,Average GCSE and Equivalent Point Score Per Girl Pupil at the End of KS4-2008,Average Capped GCSE and Equivalent Point Score Per Girl Pupil at the End of KS4-2008,Average Level 3 QCA Point Score Per Student-2008,Average Level 3 QCA Point Score Per Entry; All Students-2008,Extent -2007,Rank of extent (within London)-2007,Income Scale-2007,Rank of income scale (within London)-2007,Employment Scale-2007,Rank of employment scale (within London)-2007,Average Score-2007,Rank of average score (within London)-2007,Average Rank-2007,Rank of average rank (within London)-2007,Local Concentration-2007,Rank of Local Concentration (within London)-2007,Highest SOA rank (national)-2007,Highest SOA rank (London)-2007,Number of SOAs in PC-2007,In worst 5%-2007,In worst 10%-2007,In worst 20%-2007,Above average (in worst 50%)-2007,% of SOAs in worst 20% in England-2007,IDACI-2007,Rank of IDACI (within London)-2007,IDAOPI-2007,Rank of IDAOPI (within London)-2007
A11,Barking,112063,54745,57320,23,29,28,14,6,21.7,5165,1.5,100,79,2,3,1,0,0,0,3,3,1,1,2,5,1,1,1,87479,2128,6483,8162,1064,820,2502,98.8,101,4.8,44995,23,76,1,4642,5743,28965,4168,1155,278,35,9,31000,32,15,28000,40,11,5915,67488,8.8,5570,72065,7.7,7530,67488,11.2,2.1,2590,69759,3.7,1775,35896,4.9,815,33863,2.4,840,12430,6.8,1400,43943,3.2,350,13386,2.6,5500,17507,31.4,4185,2855,1320,1180,47601,27310,20291,6378,8.8,10.5,6.5,18.5,13368,3436,163,611,1516,3958,797,1898,759,119,31,2,6,14,35,7,17,7,318,27,44995,7.1,8.5,20866,9,6,14,1,3,25,28,3,12,0,104,1898,1212,2885,178,527,5263,5778,575,2550,0,21693,2060, -   ,10,11,5,11,17,7,8,1,1,19,2,2,7, -   ,205,230,95,220,345,135,155,25,25,390,45,35,150,13,15,27.5,372,301,356,289,386,312,651,203,0.51,13,30667,12,8828,17,35.56,14,6582,14,29426,34,682,18,71,1,8,37,69,52,42.27,19,28.11,24
A20,Battersea,100212,49324,50888,15,42,29,10,3,11,9128,1.3,100,65,3,10,1,1,1,1,2,1,0,1,6,5,1,1,1,68444,2901,3774,10934,1632,546,1801,58.5,116,3.9,48096,12,62,26,2241,3557,12661,10488,6853,6315,5184,797,46000,17,35,45000,20,33,3140,73722,4.3,3320,76617,4.3,3860,73722,5.2,1.1,1435,75107,1.9,955,37960,2.5,480,37147,1.3,310,9820,3.2,905,56665,1.6,220,8622,2.6,3410,10418,32.7,2475,1645,825,535,59395,31662,27733,5744,4.2,5.2,3,9.3,9699,1847,89,445,1077,4250,320,946,605,97,18,1,4,11,42,3,9,6,150,27,48096,3.1,18,10670,14,9,19,1,6,16,19,3,13,0,103,1496,1006,1980,109,628,1657,2042,364,1388,0,10978,4585,0,6,4,2,9,12,7,2,1,1,36,1,2,17,5,270,160,70,415,530,335,100,40,45,1670,60,75,785,5,15.3,28.1,384,303,376,298,396,311,665,205,0.16,40,14997,50,5891,45,21.96,44,14416,45,29620,29,3488,543,58,0,0,9,32,16,32.39,40,28.29,23
A22,Beckenham,83644,40168,43477,16,25,30,20,9,34.5,2425,1.1,100,88,2,4,1,0,1,1,2,0,0,1,1,1,0,1,0,76097,1353,2059,1348,796,773,932,54.5,88,2.1,37263,4,65,30,428,1204,5842,8415,10029,6175,4775,395,46000,16,35,42000,19,30,2145,49816,4.3,1685,54813,3.1,1430,49816,2.9,0.4,655,52301,1.3,440,26833,1.6,215,25468,0.8,165,8243,2,355,31013,1.1,135,13045,1,2035,19143,10.6,1290,895,400,335,40704,22122,18582,4341,3.2,4,2.2,7.7,4777,1040,60,126,835,1525,289,645,204,57,12,1,2,10,18,4,8,2,192,12,37263,5.2,6.3,34504,7,2,9,0,0,29,49,0,4,0,100,2234,627,3042,136,126,10105,16796,116,1322,0,34492,2505,0,5,14,3,5,12,6,4,1,2,35,2,1,10,10,125,350,75,130,305,155,95,20,40,880,40,35,255,8,16.2,28.9,424,337,412,333,441,346,729,214,0.02,67,6491,73,2678,73,9.91,71,24590,71,30337,17,4494,794,54,0,0,1,7,2,11.69,72,9.24,73
A24,Bermondsey and Old Southwark,125497,62896,62603,16,41,28,11,4,11.5,10944,1.6,100,55,3,9,1,1,1,1,2,0,2,1,4,15,1,2,2,73158,3803,5167,22217,4034,641,1857,52.3,93,8.6,56201,40,50,10,6925,15634,13417,8004,6890,3484,1649,198,36000,26,24,36000,30,23,5155,88778,5.8,5710,92541,6.2,7180,88778,8.1,2,2555,90624,2.8,1740,47133,3.7,815,43491,1.9,695,16201,4.3,1500,62595,2.4,360,11828,3,4865,14955,32.5,4045,2785,1280,1000,62988,35323,27665,5804,6.4,7.9,4.6,17.2,17010,3830,190,839,1617,6746,633,1370,1450,136,31,2,7,13,54,5,11,12,225,36,56201,4,16,10784,9,15,21,2,2,8,19,5,19,0,106,1005,1642,2235,169,234,880,2015,561,2043,0,11465,5740, -   ,7,3,1,6,8,9,3,2,3,41,2,2,14, -   ,385,185,75,335,455,505,190,100,160,2365,105,100,775,6,14.5,27.6,361,288,337,273,376,300,609,203,0.48,15,27570,14,9598,11,33.03,17,8173,19,29528,32,2134,239,74,0,6,42,67,57,45.26,16,32.92,14
A26,Bethnal Green and Bow,114665,55898,58766,21,41,25,10,4,9.2,12514,1.5,100,42,2,6,1,0,1,1,2,1,37,1,3,3,0,1,1,50233,2432,40715,5989,1883,642,2014,60.1,107,3,47911,30,65,5,747,13667,18610,7011,5729,1701,412,34,34000,29,20,32000,35,19,5225,77415,6.7,6180,80141,7.7,7865,77415,10.2,2.2,3860,78681,4.9,2735,38993,7,1125,39688,2.8,1205,15512,7.8,2125,53983,3.9,530,9186,5.8,6180,12476,49.5,5055,3560,1485,1390,48044,27786,20258,5608,10.5,12.8,7.3,24.8,13797,3074,159,471,1119,4921,536,1484,1813,120,27,1,4,10,43,5,13,16,285,45,47911,5.9,15.8,9137,11,14,23,1,2,10,22,2,16,0,100,1019,1269,2058,122,165,939,1976,148,1441,0,9163,4625, -   ,10,4,2,13,12,8,3,1,3,28,2,2,13, -   ,460,170,75,610,540,355,130,65,155,1285,95,100,585,6,14.5,27.6,392,310,382,302,396,314,615,198,0.82,3,44976,3,10506,7,46.04,2,3658,2,31782,2,258,2,67,15,36,58,67,87,65.27,2,52.97,1
A29,Bexleyheath and Crayford,83028,40802,42225,19,28,28,19,7,22.8,3634,1.1,100,90,1,2,0,0,0,0,2,0,0,0,1,1,0,1,0,77933,969,2376,1504,608,717,1176,66.6,105,3.4,35700,15,81,4,1668,3625,11363,10017,7492,1240,284,11,39000,23,25,34000,29,19,3565,49585,7.2,2665,54205,4.9,2700,49585,5.4,0.7,990,51817,1.9,650,26749,2.4,340,25068,1.4,325,9393,3.5,540,30757,1.8,125,11667,1.1,2870,16758,17.1,1805,1215,580,530,39614,22034,17579,5525,4.6,5.5,3.3,9.6,6162,1486,61,119,764,2020,197,1102,329,74,18,1,1,9,24,2,13,4,129,12,35700,3.6,9.3,21814,9,4,12,1,1,31,34,2,7,0,105,1899,854,2541,121,140,6825,7413,406,1614,0,22850,2250, -   ,9,17,5,6,15,6,6,2,1,20,2,1,9, -   ,205,390,105,130,340,145,125,35,30,450,50,30,195,12,15.3,28,385,308,367,292,397,321,699,207,0.09,49,11140,63,3871,65,17.01,56,18364,60,27139,49,4320,750,56,0,0,7,24,13,20.95,58,13.54,64
A62,Brent Central,121942,58861,63080,20,32,30,14,5,18.3,6668,1.6,100,28,9,11,1,1,1,1,12,4,0,3,14,10,2,1,2,53806,4653,22665,29630,3733,668,2258,73.8,86,8,48338,17,79,5,1696,6406,15844,14597,7629,1433,697,36,34000,29,18,30000,37,14,4915,78965,6.2,6070,83142,7.3,7680,78965,9.7,2.1,3195,80843,4,2185,40169,5.4,1010,40674,2.5,725,13666,5.3,1955,53465,3.7,510,13712,3.7,5565,17558,31.7,5180,3520,1660,1180,55315,29518,25797,5366,9.4,11.9,6.4,22,13711,3362,138,910,1713,3866,538,1453,1574,112,28,1,8,14,32,4,12,13,213,30,48338,4.4,14.1,18402,12,9,16,1,5,24,19,3,11,0,99,2193,1698,2941,176,845,4497,3508,482,2062,0,18288,3890, -   ,7,9,4,14,13,6,3,2,1,26,1,2,12, -   ,280,335,150,550,500,235,125,70,30,1015,50,75,465,9,14.3,27.4,382,306,363,293,400,318,633,198,0.39,19,33017,9,10403,8,33.64,16,7689,15,31075,12,857,35,76,6,12,28,76,37,47.45,12,29.57,20
A63,Brent North,115721,56910,58810,19,26,31,17,6,20.8,5566,1.5,100,27,5,6,1,0,1,1,30,5,1,7,7,6,1,1,2,41757,3456,46312,15274,3963,695,1925,77.2,75,4.2,40723,7,80,13,429,2560,10803,10801,11047,3318,1734,31,37000,25,22,32000,34,15,4030,71440,5.6,4215,76667,5.5,4310,71440,6,1.2,1505,74009,2,1005,38140,2.6,500,35869,1.4,350,11191,3.1,925,46356,2,230,16462,1.4,4935,20602,24,2550,1675,875,620,52817,29900,22917,3589,4.8,5.6,3.8,17.3,10097,2493,93,615,1334,3037,672,937,802,87,22,1,5,12,26,6,8,7,186,27,40723,4.6,14.5,20745,10,5,14,1,2,35,26,0,8,0,100,2106,1075,2848,132,369,7150,5426,74,1566,0,20792,3555, -   ,5,8,4,13,14,7,3,1,1,30,1,2,10, -   ,190,280,135,465,490,260,120,50,50,1055,50,70,340,9,14.9,27.9,421,333,403,321,437,344,704,208,0.1,46,22109,31,6451,36,24.1,40,12109,39,27766,44,780,26,73,1,1,5,57,7,32.38,41,25.49,31
A64,Brentford and Isleworth,114865,55716,59150,18,32,31,15,5,26.8,4290,1.5,100,58,4,9,1,0,1,1,13,3,1,2,2,3,0,1,2,73765,3463,19714,4855,3546,673,2061,70,88,6.8,49282,9,73,18,879,3439,10258,16533,9399,4448,3561,765,42000,20,30,39000,24,26,4140,76318,5.4,4060,81152,5,4375,76318,5.7,1.2,1255,78618,1.6,855,39396,2.2,400,39222,1,360,11224,3.2,725,52780,1.4,170,14614,1.2,3790,16962,22.3,2565,1640,910,625,60979,32662,28317,5175,4.2,5,3.2,12.1,12142,2597,118,316,1322,4984,535,1304,767,106,23,1,3,12,43,5,11,7,246,15,49282,5,6.1,27019,8,5,12,1,1,21,38,4,9,0,99,2198,1469,3344,242,304,5555,10252,1181,2475,0,26825,4995,0,5,5,2,8,12,6,3,1,1,36,2,2,16,5,250,235,110,375,590,315,170,70,65,1790,110,80,815,7,15.6,28.5,420,332,417,322,422,340,722,214,0.08,50,17557,43,5919,44,20.26,49,15018,49,27375,47,2377,289,69,0,2,5,36,7,27.34,47,21.82,37
A75,Bromley and Chislehurst,86163,41444,44721,18,28,28,17,9,29.4,2929,1.1,100,87,2,4,1,0,1,0,2,0,0,1,1,1,0,1,1,77149,1415,2550,1510,1127,908,1216,64.9,103,5.8,38012,8,68,24,543,2571,9308,9682,6809,3893,4769,437,43000,19,31,40000,23,26,3140,51400,6.1,2715,55749,4.9,2970,51400,5.8,0.8,990,53466,1.9,670,27493,2.4,320,25973,1.2,325,9232,3.5,515,32994,1.6,150,11240,1.3,3110,17975,17.3,1770,1160,610,475,40886,22701,18185,5039,4.3,5.1,3.4,9.4,8671,1996,84,172,1091,2922,527,1350,412,101,23,1,2,13,34,6,16,5,147,33,38012,3.9,22.4,29389,8,2,11,0,1,34,40,0,4,0,100,2316,705,3101,130,276,9845,11727,75,1214,0,29415,3140,0,6,11,2,5,15,6,4,1,2,35,2,2,9,5,175,335,70,165,475,190,115,25,70,1090,50,55,295,7,15.7,28.2,429,328,389,309,466,345,727,208,0.07,53,11519,61,3930,64,16.47,58,18778,61,26642,55,3305,500,57,0,0,4,19,7,20.83,59,14.91,60
A86,Camberwell and Peckham,116995,56027,60967,21,32,30,12,4,11.4,10272,1.5,100,45,3,6,2,1,1,1,1,0,1,1,12,21,3,2,2,56647,4277,3460,36948,3537,736,2498,81.4,111,5.6,50574,46,52,2,4765,18669,14939,7881,3304,588,393,35,33000,30,18,32000,35,16,5765,76274,7.6,6410,80020,8,8305,76274,10.9,2.3,3390,77958,4.3,2425,38464,6.3,965,39494,2.4,890,10517,8.5,1985,55718,3.6,510,11723,4.4,5510,14569,37.8,5025,3550,1475,1315,52414,27689,24725,3772,9.6,12.8,6,34.9,15532,4170,193,804,1252,3797,635,1455,2882,133,36,2,7,11,33,5,12,25,264,27,50574,5.2,10.2,11382,13,9,18,1,1,20,25,0,13,0,100,1498,968,2074,158,145,2225,2823,5,1486,0,11391,2385, -   ,8,6,4,6,17,9,3,1,2,24,3,2,17, -   ,195,145,85,150,400,215,70,20,35,565,70,55,400,7,14.2,27.3,369,296,340,276,402,317,609,201,0.58,9,32697,10,10721,5,36.81,12,6159,11,30037,24,1282,87,70,1,10,51,68,73,45.15,17,34.25,11
A92,Carshalton and Wallington,93072,45431,47641,20,27,30,16,6,25.5,3650,1.2,100,85,2,3,1,0,1,0,2,1,0,1,2,1,0,1,1,81843,1924,3824,2882,951,693,1350,65.5,99,5.9,38642,10,77,12,360,3628,14030,10165,5717,3324,1387,31,40000,22,26,36000,28,21,3660,56951,6.4,3120,61485,5.1,3300,56951,5.8,0.9,1060,59128,1.8,705,30218,2.3,355,28910,1.2,330,9903,3.3,545,36522,1.5,185,12703,1.5,3125,16288,19.2,2125,1420,705,600,45479,24873,20606,5622,4.7,5.7,3.4,10.7,6496,1340,88,174,871,2355,204,1146,245,70,14,1,2,9,25,2,12,3,159,15,38642,4.1,9.4,25663,8,3,10,1,1,28,41,1,8,0,99,1991,871,2619,132,137,7121,10513,215,2064,0,25496,2535,1,9,16,4,7,12,5,3,1,1,27,2,2,10,15,220,410,110,170,315,125,85,35,30,685,45,40,240,9,15.8,28.2,402,321,401,312,402,330,725,213,0.07,54,13185,54,4382,58,16.9,57,18211,59,26268,59,4849,887,61,0,0,2,26,3,21.97,56,15.87,56
B01,Chelsea and Fulham,107330,51172,56159,15,35,30,15,6,9.1,11766,1.4,100,61,4,20,1,1,1,1,1,1,1,1,2,3,1,1,2,84550,3135,3498,5461,3105,659,1510,49.8,85,2,53040,3,48,48,194,1588,5645,10645,9342,6858,12614,6154,46000,17,35,46000,18,34,3120,73103,4.3,3500,77659,4.5,3815,73103,5.2,1,1185,75247,1.6,735,36979,2,450,38268,1.2,255,8956,2.8,785,53976,1.5,145,12315,1.2,3555,16941,21,2055,1260,785,435,56496,30402,26094,4282,3.6,4.1,3,10.2,10656,1944,84,271,995,5255,399,871,725,99,18,1,3,9,49,4,8,7,201,30,53040,3.8,14.9,9704,16,9,18,1,1,16,14,15,11,0,94,1589,913,1784,69,59,1503,1344,1411,1031,0,9119,6535,0,5,2,1,6,15,7,2,1,2,42,1,1,16,5,330,145,60,395,950,480,125,35,115,2745,60,75,1025,3,15.3,28,395,319,388,309,394,322,681,206,0.1,45,13851,53,5361,49,21.44,46,14234,44,27514,46,2977,417,67,0,1,6,37,9,23.36,53,18.15,52
B06,Chingford and Woodford Green,82478,40016,42461,18,24,31,19,9,19.1,4325,1.1,100,80,2,4,1,0,1,1,2,2,0,1,3,2,1,1,0,70096,1731,3906,4195,794,730,1115,66.6,86,4.5,35683,11,76,14,604,3235,7555,11318,8140,3065,1682,84,42000,20,29,37000,26,23,3030,48831,6.2,2795,53376,5.2,2975,48831,6.1,0.8,1150,51038,2.3,770,26461,2.9,380,24577,1.5,370,8906,4.2,580,29955,1.9,200,12177,1.6,3255,17803,18.3,2070,1370,700,550,37892,20893,16999,3960,5.5,6.6,4.1,13.9,7274,1451,60,309,1252,2227,485,886,528,88,18,1,4,15,27,6,11,6,168,33,35683,4.7,19.6,19176,10,3,13,1,0,32,36,1,5,0,100,1924,564,2402,110,67,6063,6874,170,1001,0,19071,2325, -   ,5,14,3,7,15,6,3,1,2,30,2,2,10, -   ,120,330,80,155,350,145,65,20,45,685,50,40,235,7,15.4,28.7,412,330,399,320,430,343,715,206,0.12,42,12500,58,4180,61,22,43,14216,43,27983,43,2120,234,55,0,1,8,38,15,23.83,52,18.1,53
B08,Chipping Barnet,107280,52465,54815,18,25,32,18,7,34.6,3102,1.4,100,69,3,9,1,0,1,1,6,1,0,2,1,2,0,2,2,84187,2747,9129,3719,3479,843,1498,65.8,94,4.7,44918,7,64,29,545,2441,8253,9018,11563,7371,5010,717,43000,18,31,39000,23,25,3490,66159,5.3,3260,71734,4.5,3470,66159,5.2,1,1205,68772,1.8,785,35393,2.2,420,33379,1.3,365,9702,3.8,650,43059,1.5,190,16011,1.2,3445,20377,16.9,2235,1420,815,520,50938,28495,22443,3827,4.4,5,3.6,13.6,6935,1460,97,250,1329,2162,355,819,389,65,14,1,2,12,20,3,8,4,156,45,44918,3.5,28.8,34714,7,2,9,1,1,28,48,0,4,0,100,2502,685,3011,229,206,9834,16661,141,1445,0,34592,3485,0,6,10,3,8,12,6,2,1,2,37,2,2,11,15,195,345,105,290,410,190,75,45,70,1285,60,60,375,7,15.9,28.9,428,342,418,334,441,350,749,222,0.05,58,13887,52,4871,52,18.65,53,16084,53,26298,58,3521,553,69,0,0,5,30,7,19.61,60,14.74,61
B11,Cities of London and Westminster,113697,57705,55992,10,39,30,15,5,17.2,6609,1.5,100,54,3,21,1,1,1,1,3,1,2,2,1,3,0,2,4,75066,3222,7411,4330,5571,470,1207,37.4,62,2.5,67815,6,41,53,708,3200,6542,9233,12272,10722,14877,10261,46000,15,35,49000,15,38,3200,84005,3.8,4180,89163,4.7,3950,84005,4.7,1.1,1340,86693,1.5,930,45774,2,410,40919,1,305,12666,2.4,810,59356,1.4,225,14671,1.5,3180,17368,18.3,2530,1650,870,560,57704,32942,24762,4393,4.4,5,3.5,12.7,57301,7004,366,1222,2839,36665,2311,2256,3945,504,62,3,11,25,323,20,20,35,426,30,67815,6.3,7,17593,10,25,25,2,1,3,18,8,9,0,98,1836,4335,4307,350,110,459,3200,1436,1559,0,17203,48955,0,3,1,0,6,8,8,2,1,8,50,1,1,12,60,1565,430,110,3075,3780,3710,1130,355,3740,24295,315,375,5995,3,15.3,28.9,391,323,368,303,400,336,711,213,0.09,48,12835,57,6203,41,20.06,50,15251,50,26494,56,4487,792,65,0,0,4,37,6,21.94,57,15.76,58
B26,Croydon Central,110136,53966,56171,20,29,29,16,6,25.7,4291,1.4,100,71,2,4,1,0,1,1,4,1,1,1,6,4,1,1,1,83196,3959,7636,10959,1570,785,1575,63.1,97,7,46089,16,75,9,489,6987,16057,12123,6405,2788,1047,193,38000,24,24,35000,29,21,4485,68143,6.6,4040,73303,5.5,5290,68143,7.8,1.4,1665,70591,2.4,1120,36371,3.1,545,34220,1.6,600,12547,4.8,875,43667,2,190,14377,1.3,3810,18871,20.2,3080,2090,995,905,53239,29636,23603,6693,5.8,7.1,4.2,13.5,11571,2683,149,463,1248,3694,547,1588,997,105,24,1,4,11,34,5,14,9,192,51,46089,4.2,26.6,25632,9,3,12,1,1,28,41,0,5,0,100,2268,805,3064,218,189,7250,10565,35,1236,0,25664,3305, -   ,5,10,2,6,16,8,3,1,3,32,2,2,9, -   ,165,335,80,185,530,260,85,40,110,1045,70,75,295,6,15,27.5,385,305,362,291,416,322,686,208,0.21,36,21187,36,6097,43,23.35,42,14028,42,29112,38,947,46,70,1,2,17,42,24,33.83,34,17.7,55
B27,Croydon North,123574,59803,63773,20,29,31,15,5,17.6,7035,1.6,100,44,2,5,2,1,1,1,11,4,1,3,15,7,2,1,1,60573,5513,23055,28593,1685,750,2407,81.3,98,5.8,51869,23,73,4,1275,10471,16573,15724,5561,1617,599,49,35000,27,20,32000,33,16,5185,78756,6.6,5270,83869,6.3,6760,78756,8.6,1.9,2770,81221,3.4,1900,40464,4.7,870,40757,2.1,795,14623,5.4,1615,50922,3.2,360,15676,2.3,4880,18386,26.5,4510,3105,1405,1115,58819,31122,27697,6820,7.7,10,5.1,16.3,14009,2995,157,837,1842,4249,844,1671,1254,113,24,1,7,15,34,7,14,10,225,24,51869,4.3,10.7,17501,14,6,16,1,2,33,20,0,8,0,100,2404,1093,2784,185,268,5822,3479,37,1429,0,17566,3010, -   ,8,9,5,8,16,9,3,2,2,26,2,2,9, -   ,235,265,160,245,485,255,80,45,45,780,60,65,265,10,15,27.1,384,301,363,288,405,316,678,207,0.17,38,26978,16,8538,20,25.77,33,11149,32,28434,40,2093,231,80,0,3,14,68,18,33.34,35,25.29,32
B28,Croydon South,107311,52858,54451,19,24,30,20,8,43.3,2479,1.4,100,79,2,4,1,0,1,1,4,1,0,1,2,2,0,1,1,88176,2824,6689,4524,1635,927,1349,64.4,91,3,44084,5,65,30,230,2070,10162,8979,9445,7080,5740,378,45000,16,34,41000,21,27,3420,62777,5.4,2845,69054,4.1,2775,62777,4.4,0.8,985,65859,1.5,660,34245,1.9,325,31614,1,300,9398,3.2,500,39688,1.3,185,16773,1.1,2715,22542,12,2025,1360,655,515,50924,28269,22655,4770,4,4.8,2.9,10.8,6529,1248,99,216,1149,2135,324,1010,293,61,12,1,2,11,20,3,9,3,219,27,44084,5,12.3,43218,7,2,9,0,1,35,42,0,4,0,100,2919,837,3966,135,343,15258,17992,20,1736,12,43289,3405,0,6,13,4,7,10,5,3,1,2,37,2,1,9,5,190,435,135,230,340,165,115,40,60,1265,60,45,300,9,16,28.7,436,333,421,322,455,348,759,216,0.03,62,10420,64,3963,62,13.95,64,20647,65,24475,64,4276,741,70,0,0,2,22,3,15.64,65,10.75,71
B29,Dagenham and Rainham,97468,46656,50812,20,28,28,18,8,43.5,2241,1.3,100,88,2,2,1,0,0,0,2,1,0,0,2,2,0,0,0,86793,1399,2522,4052,616,937,1578,73.8,113,5.1,40979,25,74,1,3390,6895,17562,11213,1554,299,51,15,35000,28,19,30000,36,14,4630,57562,8,3905,62507,6.2,4920,57562,8.5,1.3,1805,59949,3,1215,30307,4,590,29642,2,605,11432,5.3,925,35665,2.6,275,12852,2.1,4630,19382,23.9,3095,2160,940,895,43982,24294,19688,6594,7,8.9,4.8,13.6,8513,2198,94,249,1319,2336,402,1327,442,87,23,1,3,14,24,4,14,5,225,42,40979,5.5,18.7,42165,5,4,8,1,1,15,57,3,8,0,103,2069,1469,3351,212,333,6171,23910,1194,3456,0,43500,1995,0,11,18,6,8,13,6,9,1,1,18,3,2,8,5,215,360,125,155,250,115,170,10,25,350,50,30,150,15,15.1,27.7,375,299,356,285,392,312,710,201,0.25,32,19739,40,6226,39,27.24,31,11153,33,30306,18,1082,61,62,1,6,16,46,26,32.93,37,19.9,48
B45,Dulwich and West Norwood,104661,50405,54255,20,34,31,12,4,14.8,7054,1.4,100,56,3,8,2,1,1,1,2,1,1,1,12,9,2,1,1,64020,4545,3693,21973,1814,552,1998,71,99,8.5,46440,25,62,13,1598,10052,14308,9327,5267,3226,2381,281,39000,23,26,37000,27,23,4280,70271,6.1,4680,73542,6.4,6035,70271,8.6,1.7,2240,71774,3.1,1530,35563,4.3,710,36211,2,495,9861,5,1420,51070,2.8,320,10843,3,3870,12143,31.9,3825,2570,1260,870,52413,27342,25071,4118,7.3,9.4,5,21.1,11268,2575,141,780,1437,3371,463,1278,1044,108,25,1,8,14,32,4,12,10,237,30,46440,5.1,12.7,14857,13,5,16,1,1,28,28,0,8,0,100,1916,687,2374,143,212,4223,4138,32,1131,0,14838,2680, -   ,7,5,2,5,13,8,2,1,1,32,2,3,18, -   ,190,140,65,145,360,210,50,25,30,850,45,80,470,5,15,27.6,393,308,364,289,420,325,657,210,0.38,21,22340,30,8249,24,31.56,22,8920,22,30556,16,1014,50,64,3,11,26,56,41,36.42,24,27.14,27
B46,Ealing Central and Acton,114348,56518,57829,16,34,31,14,6,17.9,6377,1.5,100,53,5,15,1,1,1,1,6,2,0,2,4,3,1,2,5,76802,3976,10830,7880,6337,665,1787,60.9,81,3.9,49088,10,64,27,1096,3573,9374,11390,10649,6232,5906,868,44000,18,32,41000,22,28,3385,77684,4.4,3965,82189,4.8,4320,77684,5.6,1.2,1630,79881,2,1085,41271,2.6,545,38610,1.4,365,11353,3.2,1025,54752,1.9,240,13776,1.7,3920,17123,22.9,2945,2055,900,555,60714,33407,27306,5423,4.9,6.2,3.3,10.2,12381,2585,101,454,1435,4899,767,1168,831,108,23,1,4,13,43,7,10,7,252,54,49088,5.1,21.4,17892,12,9,17,1,4,28,19,0,10,0,100,2207,1566,3047,164,733,5079,3336,25,1736,0,17938,5515,0,7,5,2,10,11,6,3,1,1,37,1,1,14,10,370,270,125,525,610,330,175,65,65,2045,65,75,780,7,15.5,28.3,443,339,417,321,465,354,740,212,0.12,43,16575,45,6149,42,21.54,45,14474,46,28304,42,2174,247,70,0,2,11,45,16,27.58,45,21.7,38
B47,Ealing North,110513,53605,56909,20,27,31,17,6,23.3,4752,1.4,100,50,5,7,1,1,1,1,12,3,0,4,6,4,1,1,3,66370,4402,20383,10625,4068,752,2046,82.9,92,3.4,43832,12,83,5,516,4751,10709,19521,6072,1670,562,31,37000,25,22,33000,32,17,4150,68085,6.1,4305,73037,5.9,5225,68085,7.7,1.4,1785,70489,2.5,1165,35412,3.3,620,35077,1.8,480,11162,4.3,1005,43878,2.3,295,15449,1.9,4360,18734,23.3,3340,2140,1205,785,50734,27285,23449,4524,6.6,7.8,5.1,17.4,9738,2077,75,304,1417,2888,1093,1270,502,88,19,1,3,13,26,10,12,5,225,21,43832,5.1,9.3,23329,8,5,13,1,1,24,40,1,8,0,100,1874,1096,2960,244,198,5599,9300,211,1847,0,23256,2535, -   ,7,11,3,11,13,5,5,2,0,29,2,1,11, -   ,175,280,75,275,330,130,115,55,10,740,50,25,270,10,14.9,27.9,426,327,410,317,441,339,719,205,0.24,33,22792,27,6484,35,25.55,35,12074,36,29566,30,1908,197,70,0,4,15,45,21,35.38,29,21.49,40
B48,"Ealing, Southall",92860,45426,47434,21,30,31,14,5,14.3,6478,1.2,100,29,4,5,1,0,1,1,35,7,0,5,4,4,1,1,2,33569,2502,42638,7951,2615,519,1716,77.8,94,4.1,32099,16,79,6,1112,3956,9319,10597,5299,1612,187,17,36000,26,22,30000,38,15,4290,59314,7.2,4435,62693,7.1,4340,59314,7.3,1.2,1790,60896,2.9,1255,30995,4,535,29901,1.8,480,9922,4.8,1070,39531,2.7,240,11443,2.1,4080,12842,31.8,3240,2230,1015,830,40981,22421,18559,3399,7.9,9.9,5.5,24.4,9596,2735,133,434,1064,2503,487,1053,1039,103,30,1,5,12,27,5,11,11,138,21,32099,4.3,15.2,14222,10,6,13,1,2,25,32,1,10,0,101,1481,851,1846,189,344,3497,4492,176,1345,0,14334,2230, -   ,8,6,4,11,18,8,5,2,1,25,2,1,9, -   ,170,140,90,235,400,175,110,50,20,565,40,30,195,11,14.4,27.9,431,331,409,317,449,342,705,208,0.31,26,20974,37,7032,31,28.87,27,10340,27,30089,22,1658,150,55,0,7,18,44,33,36.02,27,30,18
B51,East Ham,125580,62492,63086,25,36,26,10,3,21.1,5956,1.6,100,29,1,4,1,1,1,1,16,11,10,5,6,11,1,1,2,41106,3589,50083,21392,3001,648,3047,96.7,112,4.3,46236,32,67,1,1935,12771,22135,6896,2117,341,31,10,31000,32,16,27000,43,12,6155,80009,7.7,5850,83354,7,7995,80009,10,2.2,3010,81566,3.7,2095,42192,5,915,39374,2.3,885,15404,5.7,1730,54673,3.2,395,11489,3.4,5610,12585,44.6,4305,2975,1335,1125,51364,30921,20443,5304,8.4,9.6,6.5,21.2,14270,3139,139,931,1495,4915,766,1585,1126,114,25,1,7,12,39,6,13,9,285,27,46236,6.2,9.5,19398,10,6,14,1,1,16,29,7,16,0,109,1966,1168,2750,213,267,3113,5538,1314,3069,0,21091,2045, -   ,7,9,3,9,25,6,5,1,1,21,3,2,10, -   ,140,180,65,175,515,130,95,20,10,430,55,30,205,9,14.5,27.1,368,303,347,290,390,317,633,198,0.74,6,43761,4,9574,12,41.59,7,4557,6,31125,10,748,22,78,6,19,63,78,81,49.6,7,42.37,5
B59,Edmonton,102415,49410,53003,22,29,29,15,5,19.7,5189,1.3,100,49,3,14,1,1,1,1,4,1,2,3,10,7,1,1,1,63782,3522,9386,17974,1829,697,2089,87.1,110,6.2,40887,19,78,3,2618,5232,15338,12754,3878,799,260,8,33000,31,17,29000,39,13,4270,62517,6.8,5220,66939,7.8,7600,62517,12.2,2.1,2540,64621,3.9,1730,31876,5.4,810,32745,2.5,705,12080,5.8,1455,39736,3.7,380,12805,3,4600,15507,29.7,4125,2745,1385,1105,41902,22822,19081,4275,9.8,12,7.3,25.8,9472,2052,122,486,1371,2796,355,1374,787,93,20,1,5,13,27,4,13,8,207,24,40887,5.1,11.6,19668,9,6,13,1,1,22,27,13,8,0,100,1816,1084,2580,181,104,4330,5313,2640,1621,0,19741,2135, -   ,13,11,5,12,17,6,4,1,1,18,2,2,9, -   ,275,235,105,245,370,135,80,30,10,390,35,40,185,10,14.7,27.3,348,288,319,268,378,309,597,200,0.45,16,32309,11,8506,21,33.96,15,7985,18,30883,13,736,20,65,3,10,26,59,40,48.23,11,27.81,26
B62,Eltham,90007,43118,46888,18,25,30,18,8,21.6,4168,1.2,100,81,2,4,1,0,1,1,2,1,0,1,2,3,1,1,1,75970,1759,3263,5113,1474,760,1191,63.5,91,3.4,37088,16,77,6,1606,4440,13062,8997,6658,1605,677,43,37000,25,23,34000,31,19,4450,53794,8.3,3860,58625,6.6,4265,53794,7.9,1.2,1355,56061,2.4,890,28497,3.1,465,27564,1.7,445,9513,4.7,715,33502,2.1,195,13046,1.5,3600,18507,19.5,2340,1575,760,685,39852,21803,18048,4069,5.9,7.2,4.2,16.8,7287,1703,97,218,1112,2253,300,1138,348,81,19,1,2,12,25,3,13,4,222,18,37088,6,8.1,21539,9,2,14,0,0,31,38,0,5,0,100,1828,496,2933,89,83,6713,8199,53,1146,0,21595,1535, -   ,4,15,3,4,17,7,4,1,1,25,4,2,13, -   ,55,235,40,65,255,110,60,20,15,380,55,30,205,8,15.2,28.1,394,309,371,296,418,321,655,207,0.33,25,17134,44,5857,46,29.68,25,9779,26,30229,19,1260,84,59,1,6,19,50,32,32.91,38,18.72,50
B63,Enfield North,97158,47421,49734,21,27,30,16,6,37.3,2607,1.3,100,74,3,9,1,0,1,1,2,0,1,1,3,3,1,1,1,77891,2355,3581,5962,1036,695,1668,78.4,94,4.2,40397,15,77,8,1715,4233,10152,15465,5559,2198,999,76,37000,24,23,34000,31,19,3730,59208,6.3,4115,63645,6.5,5555,59208,9.4,1.5,1675,61319,2.7,1100,31858,3.5,575,29461,2,550,9413,5.8,905,39484,2.3,215,12422,1.7,3715,16774,22.1,2995,1945,1055,840,45229,25586,19644,4504,6.6,7.6,5.4,18.6,7573,1402,85,384,1348,2190,309,1257,512,78,14,1,4,14,23,3,13,5,204,48,40397,5,23.5,37175,5,3,8,1,0,15,58,3,6,0,100,1965,1218,2798,214,150,5664,21661,1248,2257,0,37276,2315,1,7,16,4,9,14,6,5,2,2,24,2,1,9,15,155,360,95,200,325,145,105,35,35,560,50,30,200,10,15.2,27.8,363,302,350,292,378,313,638,202,0.22,34,21299,34,6205,40,25.6,34,12107,37,29228,36,1797,175,58,0,3,13,44,22,36.24,25,20.33,45
B64,"Enfield, Southgate",91683,44434,47249,17,28,30,18,8,25.2,3640,1.2,100,61,4,16,1,0,1,1,6,1,1,2,3,2,0,1,1,69276,2217,8282,4655,1811,748,1243,62,86,4,38173,5,66,29,563,1399,6669,7246,11145,5863,4549,739,43000,19,31,39000,24,25,2910,56829,5.1,2845,61295,4.6,2825,56829,5,0.8,1280,59024,2.2,900,30434,3,380,28590,1.3,395,9227,4.3,725,36939,2,160,12858,1.2,3465,18379,18.9,2225,1480,735,515,42923,23854,19068,3557,5.2,6.2,3.9,14.5,6078,886,71,292,1270,2092,283,751,362,66,10,1,3,14,23,3,8,4,156,12,38173,4.1,7.7,25152,9,2,11,1,1,31,42,1,4,0,100,2196,548,2639,170,220,7813,10434,198,933,0,25184,2955,0,4,9,2,8,14,7,3,1,2,36,1,2,11,10,125,260,65,225,420,205,90,30,65,1075,40,45,320,6,15.9,29.3,415,340,403,332,433,351,705,210,0.06,55,13119,55,4768,54,17.98,55,17142,55,26763,53,3581,576,58,0,0,4,26,7,22.21,55,18.64,51
B68,Erith and Thamesmead,100319,49381,50937,22,29,30,14,5,26.7,3757,1.3,100,74,2,3,1,0,1,1,5,1,0,1,3,7,1,1,1,71809,2081,6740,9656,1734,649,2065,88.1,100,3.4,42273,31,68,1,5467,7802,17399,8076,3097,377,47,8,35000,26,21,32000,33,16,4830,62661,7.7,4385,66679,6.6,5505,62661,8.8,1.5,1840,64635,2.8,1195,33209,3.6,645,31426,2.1,595,11049,5.4,980,41254,2.4,265,12332,2.1,3515,14454,24.3,3210,2145,1070,830,46921,26059,20862,5599,6.8,8.2,5.1,14.8,9380,2458,139,252,1194,2437,413,1722,580,94,25,1,3,12,24,4,17,6,255,45,42273,6,17.6,33669,5,4,9,1,0,14,27,32,9,0,79,1753,1261,2893,273,91,4671,8991,10739,2995,0,26703,1685, -   ,10,15,5,7,14,7,7,2,1,19,3,3,8, -   ,175,250,80,115,230,110,115,30,20,325,50,50,135,13,14.7,27.6,376,299,361,287,389,310,647,204,0.28,29,20619,38,6562,33,27.94,29,10785,29,30085,23,1985,209,61,0,7,19,50,31,32.65,39,21.15,42
B73,Feltham and Heston,115040,57608,57431,22,30,29,15,5,29.8,3857,1.5,100,54,2,4,1,0,1,1,22,5,1,3,1,3,0,1,2,63989,2984,32796,4382,2847,766,2148,82.9,104,2.8,43649,12,86,2,451,4910,13486,19035,4792,794,166,15,35000,27,20,30000,36,14,5145,71509,7.2,4640,76035,6.1,5225,71509,7.3,1.4,1680,73712,2.3,1175,38417,3.1,505,35295,1.4,540,12990,4.2,915,46441,2,225,14281,1.6,4385,16886,26,3030,1980,1050,905,52607,29519,23088,5757,5.8,6.7,4.5,15.7,11284,2967,141,311,1422,3154,487,1586,1005,98,26,1,3,12,27,4,14,9,255,42,43649,5.8,16.5,29689,7,5,12,1,0,22,41,2,9,0,100,2001,1553,3545,260,59,6651,12214,658,2749,0,29767,2765,0,5,6,5,11,10,7,14,3,1,24,3,2,9,5,150,175,145,300,280,180,375,90,35,650,85,45,235,22,15.1,27.7,392,306,363,287,421,325,660,201,0.16,39,23567,24,6799,32,26.16,32,10797,30,28431,41,2374,288,70,0,2,10,60,14,35.55,28,24.22,34
B75,Finchley and Golders Green,110669,53556,57115,19,31,28,15,7,20.8,5319,1.4,100,56,3,15,1,1,1,1,9,1,1,2,1,4,0,2,3,78937,3361,13071,5557,5452,911,1758,66.6,94,5.1,46222,7,59,35,756,2277,8013,10104,8996,7016,6478,2582,43000,18,31,40000,23,26,3095,69157,4.5,3055,73944,4.1,3235,69157,4.7,0.9,1155,71457,1.6,725,36378,2,430,35079,1.2,200,11366,1.8,720,46622,1.5,235,13469,1.7,3805,19527,19.5,2125,1320,800,400,51517,28710,22808,4585,4.1,4.6,3.5,8.7,8609,1351,95,322,1531,3684,400,818,322,78,12,1,3,14,33,4,7,3,264,24,46222,5.7,9.1,20831,12,4,16,1,2,36,22,0,6,0,100,2514,805,3392,143,478,7467,4664,47,1321,0,20804,5185,0,4,4,2,10,12,6,2,1,2,42,1,1,12,5,210,210,115,530,635,300,120,60,85,2165,60,55,630,6,15.7,29.3,442,355,426,345,465,369,736,218,0.08,52,14724,51,4956,50,19.5,51,15496,51,27365,48,2820,380,72,0,1,8,35,11,19.54,61,17.76,54
B90,Greenwich and Woolwich,100210,48684,51526,21,34,28,12,5,19,5282,1.3,100,62,3,5,1,1,1,1,5,1,1,1,4,10,1,2,2,61675,3000,7415,12778,2717,724,2022,77.8,114,4.5,45141,39,55,6,7377,10242,14001,7761,3137,1171,1185,267,36000,27,22,34000,31,20,4890,65223,7.5,5215,68836,7.6,6730,65223,10.3,1.8,2220,67076,3.3,1525,33608,4.5,695,33468,2.1,595,11362,5.2,1305,44789,2.9,320,10925,2.9,4065,13241,30.7,3430,2310,1115,900,49619,26942,22677,5384,6.9,8.6,4.9,16.7,13699,3169,146,467,1418,5052,575,1782,864,137,32,2,5,14,50,6,18,9,192,21,45141,4.3,10.9,17350,9,9,16,2,1,16,27,3,17,0,109,1537,1582,2814,300,115,2836,4659,519,2987,0,18970,2800, -   ,8,6,3,7,15,8,4,1,1,28,3,3,14, -   ,220,160,70,190,405,235,110,35,35,785,85,75,380,8,14.7,27.3,387,303,359,288,407,312,650,207,0.51,12,25017,22,8284,23,37.37,10,6536,13,31364,8,757,25,58,9,17,29,57,50,46.04,13,29.84,19
B92,Hackney North and Stoke Newington,117734,57679,60057,23,36,28,10,4,9.1,12974,1.5,100,45,3,14,1,1,1,1,5,1,3,1,10,10,2,1,2,64961,4309,10982,23220,3083,567,2643,83,98,7.2,48174,32,61,7,2989,12466,16053,7832,5605,2790,419,20,35000,28,21,33000,34,18,5130,77775,6.6,6055,80951,7.5,7915,77775,10.2,2.2,3165,79208,4,2200,39582,5.6,965,39626,2.4,695,13157,5.3,1985,55373,3.6,485,10678,4.5,5200,12103,43,4810,3255,1560,940,52883,28390,24493,4922,9.1,11.5,6.4,19.1,11691,2811,206,471,1165,3990,416,1042,1415,99,24,2,4,10,34,4,9,12,315,54,48174,6.5,17.1,9054,16,8,19,1,0,24,19,3,10,0,100,1411,722,1756,73,37,2183,1748,230,895,0,9074,2745, -   ,8,4,2,8,18,7,2,0,1,32,2,2,16, -   ,220,95,40,220,500,180,40,10,25,865,50,40,440,3,14.3,27.3,374,308,351,290,394,324,629,208,0.78,4,39928,6,10664,6,43.75,4,4071,4,31429,6,741,21,73,10,31,62,73,85,48.43,10,42.24,6
B93,Hackney South and Shoreditch,105623,51580,54040,20,35,28,12,4,10,10573,1.4,100,44,3,11,2,1,1,1,2,1,3,1,11,15,3,2,2,55507,4192,6432,26789,3349,561,1792,63.4,95,5,48295,43,53,4,1932,18732,13803,8547,3426,1157,676,22,33000,30,19,32000,34,18,5565,70131,7.9,6880,73580,9.4,9530,70131,13.6,2.6,3225,71798,4.5,2230,35872,6.2,995,35926,2.8,850,12364,6.9,1895,48487,3.9,480,10947,4.4,5525,13075,42.3,5015,3335,1685,1170,46635,25564,21071,4466,10.8,13,8,26.2,16340,3508,200,467,1545,6416,426,1277,2277,155,33,2,4,15,61,4,12,22,231,30,48295,4.8,13,10004,11,11,20,2,1,14,27,2,13,0,100,1105,1139,1960,174,104,1347,2679,186,1310,0,9990,4730,0,12,3,1,7,9,6,2,1,1,37,2,2,16,5,580,145,50,350,410,300,95,50,60,1745,85,85,760,4,14.3,26.4,348,286,328,270,361,297,621,204,0.9,1,36360,7,11178,4,48.8,1,2892,1,31678,3,451,5,64,17,45,60,64,94,58.12,4,43.93,3
B98,Hammersmith,116349,57422,58928,15,39,29,12,4,11.5,10151,1.5,100,55,5,14,1,1,1,1,2,1,1,1,6,6,1,1,2,80167,4520,5509,14416,3322,620,1770,52.7,94,2.8,51703,14,67,20,2925,4231,10016,15776,8599,5174,4193,789,39000,23,26,38000,25,25,4875,83091,5.9,5945,86824,6.8,7045,83091,8.5,1.9,2525,84845,3,1730,43222,4,795,41623,1.9,610,12218,5,1505,61258,2.5,410,11369,3.6,4605,14356,32.1,3910,2625,1300,805,61369,32974,28395,5295,6.4,8,4.6,15.2,15814,3296,151,463,1290,6940,604,1302,1522,136,28,1,4,11,60,5,11,13,246,30,51703,4.8,12.2,11315,14,11,18,1,5,18,22,0,12,0,101,1552,1228,2060,98,507,2007,2509,40,1315,0,11464,5355,0,5,3,2,5,10,8,3,1,1,39,2,2,20,5,290,140,95,265,550,420,155,40,70,2085,85,110,1050,5,15.1,28.1,386,310,362,291,399,323,662,204,0.34,24,25516,20,9263,13,30.69,24,8912,21,29871,27,1906,195,72,0,6,26,66,36,42.88,18,28.62,21
B99,Hampstead and Kilburn,120515,58292,62223,16,34,31,14,5,12.8,9450,1.6,100,49,6,18,1,1,1,1,4,1,2,1,5,6,1,2,3,83304,4532,9153,12932,4871,722,2051,62.1,90,4.9,58241,13,58,29,1507,5996,10940,12512,10491,6649,7403,2743,43000,19,30,42000,21,29,4395,82811,5.3,5260,87713,6,5795,82811,7,1.6,2125,85161,2.5,1430,42940,3.3,695,42221,1.6,425,9159,4.6,1395,62310,2.2,305,13692,2.2,4865,17681,27.5,3360,2195,1155,605,62471,33636,28835,3947,5.4,6.5,4,15.3,11427,2034,99,533,1823,4703,320,1130,690,95,17,1,4,15,39,3,9,6,261,48,58241,4.5,18.4,12738,16,5,17,1,2,32,21,0,6,0,100,2001,690,2204,97,307,4018,2652,50,720,0,12753,5460,0,5,3,2,6,11,7,2,1,1,37,2,2,23,5,280,155,100,310,585,365,105,45,65,2015,85,105,1270,5,15.2,28.4,394,317,373,299,411,330,680,212,0.2,37,22438,29,8577,19,25.01,38,12318,40,29537,31,1317,90,77,1,4,17,52,22,32.97,36,25.86,29
C04,Harrow East,92703,45222,47481,18,28,29,17,7,23.7,3910,1.2,100,46,5,4,1,0,1,1,27,2,1,5,3,3,1,1,1,48277,2087,30402,5346,2184,667,1390,68.4,82,1.4,35562,4,80,16,129,1141,5836,11961,10799,2713,2324,659,40000,21,27,34000,30,19,3450,57068,6,3100,61498,5,2985,57068,5.2,0.8,980,59172,1.7,650,30539,2.1,330,28633,1.2,260,10077,2.6,555,36157,1.5,165,12938,1.3,4100,17670,23.2,1965,1300,660,465,43881,24345,19536,3679,4.5,5.3,3.4,12.6,5987,1364,80,183,1058,1811,323,716,364,65,15,1,2,11,20,4,8,4,120,12,35562,3.4,10,23680,9,2,11,1,0,32,41,1,5,0,100,2008,509,2598,130,80,7555,9580,140,1080,0,23708,2965, -   ,5,9,3,11,11,5,3,1,1,40,2,1,7, -   ,155,275,90,325,335,135,90,30,40,1195,45,35,220,7,15.2,28.4,421,334,398,319,441,347,735,212,0.02,64,15203,49,4590,56,16.43,59,17768,56,24292,65,6217,1275,60,0,0,1,24,2,25.33,49,20.61,43
C05,Harrow West,95772,47145,48630,18,33,29,15,5,17.9,5363,1.2,100,48,5,5,1,0,1,1,20,3,1,7,4,3,1,1,2,50886,3125,26054,6560,2639,546,1487,63.7,81,5.4,36822,5,85,10,101,1759,9697,13210,8554,2591,771,139,41000,20,28,36000,27,21,3235,62467,5.2,3070,66511,4.6,3230,62467,5.2,0.9,1165,64350,1.8,745,32845,2.3,420,31505,1.3,285,11164,2.6,685,41211,1.7,190,11975,1.6,3345,15091,22.2,2235,1440,795,510,49512,26686,22826,4709,4.5,5.4,3.5,10.8,7433,1642,101,235,1017,2534,398,955,448,78,17,1,3,11,27,4,10,5,105,9,36822,2.9,8.6,17887,10,4,13,1,1,35,29,0,7,0,100,1839,718,2319,126,230,6169,5264,29,1193,0,17857,3465, -   ,5,9,3,9,14,6,3,1,2,36,1,2,9, -   ,160,300,105,315,490,195,95,40,70,1250,50,80,300,7,15.8,28.4,415,336,398,325,433,348,723,203,0.03,61,15453,47,4820,53,16.39,60,18111,58,24926,62,3289,494,58,0,0,1,21,2,25.86,48,20.28,46
C10,Hayes and Harlington,96612,47573,49040,21,31,28,14,5,45,2145,1.3,100,62,3,3,1,0,1,1,16,3,1,3,2,3,0,1,1,63394,2532,20773,4964,1627,633,1994,86.3,102,3,38205,9,89,2,381,3107,8674,22809,2510,622,84,18,35000,26,20,31000,35,15,3895,60354,6.5,3940,64295,6.1,5065,60354,8.4,1.4,1535,62306,2.5,1005,31741,3.2,530,30565,1.7,505,10508,4.8,840,40002,2.1,190,11796,1.6,3445,14266,24.1,3245,2130,1115,860,45767,25202,20565,4953,7.1,8.5,5.4,17.4,13007,2928,135,362,1594,4500,764,1504,835,135,30,1,4,17,47,8,16,9,240,30,38205,6.3,12.5,44987,4,5,10,1,0,14,44,2,20,0,100,1903,2257,4533,317,129,6424,19909,758,8758,0,45054,3200,0,7,9,4,8,13,9,16,3,1,21,1,1,6,10,235,290,125,250,420,285,500,90,40,685,35,20,205,22,14.9,27,368,296,349,284,387,306,636,193,0.14,41,21194,35,6289,38,25.08,37,11419,34,27122,50,4946,913,63,0,0,10,53,16,35.29,30,21.21,41
C14,Hendon,110803,53570,57233,21,30,28,15,6,31.3,3535,1.4,100,54,4,9,1,1,1,1,11,2,1,3,2,7,1,3,3,69744,3400,16595,9583,5603,663,1939,75,83,3.6,44229,11,69,20,504,4318,9995,11526,8989,4363,4027,507,39000,23,25,35000,30,19,4045,68383,5.9,4125,73176,5.6,5195,68383,7.6,1.4,1540,70656,2.2,1020,35439,2.9,520,35217,1.5,410,12701,3.2,865,43870,2,265,14085,1.9,4210,17999,23.4,2700,1750,935,615,49821,27420,22401,4607,5.4,6.4,4.2,13.3,9869,1993,97,323,1262,3645,688,1029,709,89,18,1,3,11,33,6,9,6,171,24,44229,3.9,14,31098,7,3,12,1,1,23,47,1,6,0,101,2187,1008,3843,228,287,7043,14474,196,1834,0,31341,4030,0,5,5,2,12,15,5,3,2,1,37,1,2,11,10,190,195,95,480,610,205,105,60,55,1475,50,65,435,7,15.5,28.2,406,328,393,317,418,338,699,208,0.21,35,22934,26,6406,37,25.21,36,12059,35,29423,35,2480,312,69,0,5,12,49,17,32.36,42,21.62,39
C23,Holborn and St. Pancras,126883,62061,64823,18,35,29,13,4,13.2,9614,1.7,100,52,5,13,1,1,1,1,2,1,9,1,2,7,1,2,3,85307,4590,15483,10875,5188,698,1726,50,101,2.9,59012,15,66,20,1680,6852,13452,16243,8965,5157,5173,1490,36000,26,22,36000,28,22,6955,86887,8,7950,91547,8.7,9020,86887,10.4,2.5,2785,89166,3.1,1920,44956,4.3,865,44210,2,580,14325,4,1715,60075,2.9,490,14766,3.3,6035,16436,36.7,4150,2755,1395,1005,56899,30927,25972,4030,7.3,8.9,5.4,24.9,25316,4426,182,659,2111,12164,640,1847,2922,200,35,1,5,17,96,5,15,23,345,30,59012,5.8,8.7,13263,10,16,20,2,3,12,25,1,10,0,100,1386,2100,2640,241,400,1645,3330,136,1385,0,13198,15205,0,6,1,1,6,9,7,2,1,2,47,2,2,16,15,920,190,90,870,1300,1105,295,110,280,7180,230,230,2375,3,14.8,27.8,369,307,350,288,390,325,628,201,0.42,17,35238,8,12784,1,32.31,18,8360,20,30099,21,1561,134,81,1,8,36,75,44,45.28,15,33.69,12
C24,Hornchurch and Upminster,100964,49021,51945,16,27,28,20,10,57.7,1751,1.3,100,93,1,2,0,0,0,0,1,0,0,0,1,0,0,0,0,95194,931,1691,974,567,1024,1104,53.8,98,0.9,43046,15,72,13,3219,3091,11185,11156,8615,3702,1853,225,39000,23,25,34000,30,19,4040,59742,6.8,3325,65693,5.1,2975,59742,5,0.8,1090,62568,1.7,680,32729,2.1,410,29839,1.4,385,11577,3.3,510,35829,1.4,195,15162,1.3,4365,23793,18.3,2380,1650,735,700,47889,27093,20796,7062,5,6.1,3.5,9.9,5957,1096,81,86,1236,1868,265,989,287,59,11,1,1,12,19,3,10,3,168,15,43046,3.9,8.9,57041,5,1,7,0,0,18,64,1,3,0,101,2649,789,4050,200,242,10480,36214,700,1717,0,57648,2550,1,7,19,5,7,15,6,4,1,2,24,2,1,9,20,165,485,115,170,390,150,110,30,45,600,40,25,225,10,16,28.6,414,321,413,319,417,324,757,198,0.08,51,12337,59,4711,55,15.69,62,19788,63,26921,51,4175,717,66,0,0,5,22,8,17.77,62,14.6,62
C25,Hornsey and Wood Green,116955,56157,60799,18,37,29,13,4,16.5,7108,1.5,100,57,5,15,1,1,1,1,3,1,1,1,5,5,1,1,2,81715,4439,6159,12057,2664,619,1854,56,96,3.2,51265,13,68,19,1892,4801,13412,13892,7374,4733,4542,619,43000,19,31,41000,23,28,4285,80756,5.3,4765,84926,5.6,5580,80756,6.9,1.5,2360,82723,2.9,1655,40872,4,705,41851,1.7,645,11180,5.8,1415,58851,2.4,300,12692,2.4,4155,14531,28.6,3970,2690,1280,885,61736,32577,29159,4786,6.4,8.3,4.4,18.5,11793,1935,108,413,1785,4774,587,1312,768,101,17,1,4,15,41,5,11,7,258,33,51265,5,12.8,16387,14,5,15,1,2,30,27,0,7,0,100,2229,759,2491,191,275,4861,4461,62,1057,0,16453,4275,0,6,4,2,6,15,6,2,1,1,34,2,2,22,15,255,155,80,260,620,235,65,30,30,1455,90,65,945,4,15.5,28.3,390,320,371,306,406,331,695,214,0.27,30,23057,25,8202,25,27.5,30,11063,31,30176,20,1612,140,72,2,7,18,56,25,36.06,26,28.04,25
C32,Ilford North,94853,46418,48436,20,26,29,19,7,29,3272,1.2,100,70,2,4,1,0,1,1,9,3,1,3,3,2,0,1,1,67858,1987,13938,4642,1381,657,1292,63.9,85,2.3,38148,12,79,9,1003,3746,8344,12469,9191,2659,667,69,40000,21,26,35000,28,19,3905,56097,7,3345,61294,5.5,3575,56097,6.4,1,1260,58596,2.2,795,29896,2.7,465,28700,1.6,380,9058,4.2,635,35851,1.8,245,13687,1.8,3955,18566,21.3,2315,1495,815,590,43035,23755,19280,4115,5.4,6.3,4.2,14.3,7457,1318,74,256,1262,2451,490,944,598,79,14,1,3,13,26,5,10,6,117,24,38148,3.1,20.5,29016,7,2,10,0,1,22,51,1,5,0,100,2045,707,3014,114,158,6467,14911,272,1328,0,28975,2130,0,8,11,4,9,16,5,4,1,1,27,2,2,10,5,160,240,90,195,330,115,75,30,25,570,45,35,215,9,15.8,28.3,404,326,393,318,415,334,696,208,0.06,56,15745,46,4916,51,18.98,52,15885,52,26417,57,3288,493,61,0,0,3,31,5,24.28,51,19.54,49
C33,Ilford South,113440,56069,57370,22,31,29,14,5,15.7,7222,1.5,100,39,3,4,1,0,1,1,22,11,3,4,6,5,1,1,1,48114,2951,41914,12146,1481,791,2169,82.7,107,6,41384,16,81,4,458,6142,11511,15900,5934,1159,264,16,37000,24,23,32000,33,16,4615,71020,6.5,4510,75583,6,5675,71020,8,1.6,2395,73254,3.3,1590,37771,4.2,805,35483,2.3,675,13349,5.1,1350,45724,3,370,14181,2.6,4385,16440,26.7,3790,2520,1260,995,49977,28641,21335,5071,7.6,8.8,5.9,19.6,12791,2413,119,520,1526,4719,742,1232,1389,113,21,1,5,14,42,7,11,12,153,12,41384,3.7,7.8,15699,13,4,17,1,1,36,20,1,6,0,100,2109,655,2654,132,219,5687,3163,134,945,0,15712,2570, -   ,5,11,4,9,20,6,4,2,2,27,2,3,8, -   ,115,275,90,225,515,165,90,40,45,690,45,70,205,9,15.3,27.9,429,331,404,317,454,347,691,211,0.11,44,26711,18,7167,29,23.96,41,12108,38,27529,45,2388,292,69,0,1,9,58,13,33.88,33,25.26,33
C36,Islington North,99932,48081,51851,17,38,29,12,4,7.4,13551,1.3,100,54,7,13,2,1,1,1,2,1,2,1,6,6,1,2,2,67250,4249,5048,12309,2728,576,1605,55.2,113,3.1,45212,9,77,14,723,3406,14091,13966,6752,3378,2729,167,37000,25,23,36000,29,21,5260,69904,7.5,6215,73220,8.5,7415,69904,10.6,2,2695,71468,3.8,1785,35216,5.1,910,36252,2.5,615,10057,6.1,1655,51612,3.2,420,9799,4.3,4870,11816,41.2,4430,2935,1490,1060,50664,26670,23993,4049,8.7,11,6.2,26.2,11373,2607,133,485,1389,3842,339,1254,1153,114,26,1,5,14,38,3,13,12,207,12,45212,4.6,5.8,7408,17,10,21,1,3,25,12,0,12,0,100,1229,740,1550,63,246,1831,886,0,862,0,7373,3035, -   ,8,4,2,8,15,7,2,1,1,28,2,3,21, -   ,235,125,60,240,440,210,55,15,30,855,70,95,635,4,14.7,27.8,373,303,366,294,377,310,643,208,0.65,8,27280,15,10281,9,40.11,8,5244,7,31367,7,755,24,61,6,18,41,61,67,49.48,8,40.49,8
C37,Islington South and Finsbury,95182,47154,48028,15,41,29,11,4,7.5,12716,1.2,100,60,5,12,1,1,1,1,2,0,3,1,4,6,1,2,2,65214,2985,4436,8547,3031,549,1312,46.9,107,5.3,48234,8,75,17,1403,2345,14112,14722,7343,3897,3730,682,38000,25,24,37000,27,23,5155,68695,7.5,5830,71801,8.1,7410,68695,10.8,2,2100,70177,3,1405,35973,3.9,695,34204,2,540,11891,4.5,1250,49094,2.5,310,9192,3.4,4635,11531,40.2,3450,2230,1230,905,49428,27426,22002,4366,7,8.1,5.6,20.7,16550,3097,105,412,1581,8083,412,1307,1332,174,33,1,4,17,85,4,14,14,210,48,48234,4.4,22.9,7430,14,17,25,2,1,15,13,1,14,0,101,1031,1226,1845,132,40,1096,950,39,1071,0,7487,7300,0,8,2,1,5,8,8,2,2,3,43,2,2,15,10,575,165,45,390,615,590,140,110,205,3160,110,135,1055,4,14.4,27,349,291,349,285,351,300,626,200,0.57,11,25238,21,8914,16,37.75,9,5968,9,31091,11,545,9,57,4,13,36,57,63,55.25,5,35.93,9
C41,Kensington,123992,60575,63417,15,34,31,15,5,9,13828,1.6,100,48,3,25,1,1,1,2,2,1,1,2,3,4,1,2,4,88809,5150,6063,9601,6855,561,1669,50.2,68,2.4,61517,7,42,51,974,2996,6995,9623,9423,8693,13510,9303,44000,17,34,45000,18,35,3820,85583,4.5,4770,91039,5.2,5290,85583,6.2,1.4,1770,88187,2,1165,44628,2.6,605,43559,1.4,365,10903,3.3,1075,61851,1.7,330,15433,2.1,4370,18812,23.2,2925,1875,1050,595,62773,35357,27416,3698,4.7,5.3,3.8,16.1,15662,2250,111,445,1359,7933,666,944,1746,126,18,1,4,11,64,5,8,14,195,30,61517,3.2,15.4,8928,20,11,24,2,2,19,15,0,8,0,100,1747,992,2120,155,165,1657,1370,39,684,0,8968,7935,0,5,2,1,6,15,9,2,1,2,36,1,2,19,10,360,135,60,470,1215,710,180,65,170,2830,65,135,1525,4,15.2,29.1,413,327,389,314,430,339,682,209,0.26,31,18944,41,7337,28,25,39,12941,41,29874,26,1522,125,75,1,9,21,44,28,24.74,50,20.52,44
C43,Kingston and Surbiton,114494,56686,57809,17,31,29,16,6,28.4,4036,1.5,100,78,2,5,0,0,1,1,3,1,0,3,1,1,0,1,2,93307,2288,8349,1715,4017,836,1621,60.4,93,0.6,47482,5,79,16,151,2428,11328,15805,10233,5212,2195,130,43000,18,30,39000,22,26,2845,74110,3.8,2840,79560,3.6,2705,74110,3.6,0.7,980,76807,1.3,620,39926,1.6,360,36881,1,255,11528,2.2,540,49727,1.1,185,15552,1.2,3095,19567,15.8,1940,1310,630,435,57946,31902,26044,4152,3.3,4.1,2.4,10.5,9086,1852,107,222,893,3843,358,1204,469,79,16,1,2,8,34,3,11,4,180,15,47482,3.8,8.3,28417,9,4,12,1,1,29,39,1,6,0,100,2427,1082,3331,160,180,8118,11109,246,1764,0,28366,4640,0,5,7,3,6,15,7,3,1,2,33,2,2,13,15,250,345,130,275,705,330,125,45,95,1550,80,90,585,7,16,28.6,422,331,392,312,458,352,743,215,0.02,68,11500,62,4187,60,13.91,65,20177,64,22881,69,3759,620,72,0,0,1,17,1,16.76,64,13.66,63
C60,Lewisham East,99727,47966,51762,20,32,30,13,6,14.8,6749,1.3,100,65,3,5,2,1,1,1,2,0,0,2,11,5,2,1,1,68672,3560,3703,16690,1498,750,1770,70.7,112,8.5,42573,23,72,5,1345,8315,17306,10257,3151,1293,771,135,37000,25,23,34000,30,19,4745,64319,7.4,4440,67985,6.5,5555,64319,8.6,1.5,1865,66018,2.8,1255,33200,3.8,610,32818,1.9,490,9859,5,1095,45250,2.4,280,10909,2.6,4035,14647,27.5,3170,2130,1035,810,48957,26244,22713,4743,6.5,8.1,4.6,17.1,10270,2914,105,367,1174,2720,535,1367,881,103,29,1,4,12,27,5,14,9,198,42,42573,4.7,21.2,14779,13,4,16,1,2,35,23,0,6,0,100,1850,539,2339,94,282,5225,3465,51,935,0,14775,1820,0,3,9,4,5,17,9,3,1,1,29,3,3,13,5,60,170,70,90,305,155,55,20,15,525,50,45,230,8,14.9,27.4,383,303,354,290,402,311,656,207,0.3,27,20362,39,7076,30,29.29,26,9466,24,28985,39,2577,329,63,0,1,20,57,32,34.61,31,24.16,35
C61,Lewisham West and Penge,105438,51599,53839,20,32,30,13,5,15.9,6649,1.4,100,66,3,5,2,1,1,1,2,0,1,1,9,6,1,1,1,74832,4196,3550,17028,1618,728,1906,70.6,113,2.6,46757,29,66,5,1397,12008,16072,11092,3745,1643,775,25,38000,24,24,36000,27,22,4435,69425,6.4,4790,73383,6.5,5995,69425,8.6,1.6,2220,71326,3.1,1535,36062,4.3,685,35264,1.9,595,10589,5.6,1260,48798,2.6,365,11939,3.1,3965,14232,27.9,3460,2305,1160,765,52793,28402,24390,5314,6.6,8.1,4.8,14.4,9537,2569,127,397,1322,2540,307,1463,657,91,24,1,4,13,24,3,14,6,183,21,46757,3.9,11.5,15900,12,4,16,1,2,31,26,0,8,0,100,1914,623,2469,158,277,4951,4181,68,1259,0,15858,2215, -   ,7,10,4,7,13,7,4,1,1,30,3,2,13, -   ,165,225,80,145,290,150,80,25,25,655,55,50,285,8,15,27.4,390,310,357,295,427,327,673,210,0.29,28,21834,32,7698,26,28.35,28,10347,28,29120,37,1707,159,67,0,2,20,56,30,34.15,32,25.54,30
C62,"Lewisham, Deptford",108370,53215,55158,18,41,28,11,3,12.2,8879,1.4,100,47,3,7,2,1,1,1,1,1,1,1,14,13,3,2,2,55647,4376,3682,29407,4140,608,1996,63.2,129,6,46491,43,55,2,4579,15314,13939,9561,2198,793,85,22,36000,26,21,34000,31,19,4680,76821,6.1,5040,80010,6.3,6655,76821,8.7,1.8,2395,78287,3.1,1700,39406,4.3,695,38881,1.8,550,13969,3.9,1530,54104,2.8,315,10214,3.1,3975,10885,36.5,4130,2765,1375,905,54959,29569,25390,5827,7.5,9.4,5.4,15.5,13367,3425,128,683,1242,4308,505,1501,1325,123,32,1,6,12,40,5,14,12,201,21,46491,4.3,10.4,12123,14,8,18,1,4,25,19,1,11,0,101,1633,926,2175,150,422,3039,2320,72,1386,0,12206,2270,0,8,8,3,7,18,9,3,1,2,23,2,2,14,5,190,180,60,150,410,205,75,20,35,525,50,50,310,7,14.5,27.3,375,301,356,290,395,314,639,204,0.37,22,24389,23,8779,18,32.06,20,7952,17,29641,28,1165,70,65,1,6,29,65,45,39.4,22,32.55,15
C63,Leyton and Wanstead,94011,46780,47231,20,33,29,14,5,15.3,6135,1.2,100,49,3,7,1,1,1,1,6,8,2,2,9,7,2,1,1,52769,3395,15950,15443,1783,571,1797,78.7,94,3.3,38783,33,59,8,1908,10871,13665,6012,3317,2104,870,36,38000,24,24,35000,30,20,3690,60881,6.1,3805,64484,5.9,4465,60881,7.3,1.2,2115,62648,3.4,1465,32130,4.6,650,30518,2.1,560,10743,5.2,1240,40712,3,315,11193,2.8,3700,13239,27.9,3240,2185,1065,710,43141,23909,19232,4530,7.5,9.1,5.5,15.7,10018,1957,108,588,1327,3484,615,1051,760,107,21,1,6,14,37,7,11,8,147,15,38783,3.8,10.2,15291,12,4,15,1,1,24,35,2,6,0,100,1785,578,2250,121,205,3673,5387,359,932,1,15329,1940, -   ,7,9,4,11,16,7,2,1,1,28,2,3,11, -   ,135,165,75,210,305,130,35,25,20,535,45,50,210,7,15,27.9,367,305,341,286,390,321,654,204,0.39,20,21448,33,6492,34,31.12,23,9356,23,30684,14,1397,102,60,2,7,24,49,40,38.59,23,28.31,22
C96,Mitcham and Morden,100411,48958,51454,20,28,31,15,6,16.4,6106,1.3,100,60,3,5,1,1,1,1,5,3,1,5,6,6,1,1,1,64526,3490,12273,12354,2435,678,1751,75.5,91,5.1,39303,17,82,1,789,5812,13179,16550,2527,406,29,11,35000,26,21,32000,34,16,3670,62702,5.9,3415,66768,5.1,4120,62702,6.6,1.1,1595,64689,2.5,1070,32637,3.3,525,32052,1.6,405,10818,3.7,950,41102,2.3,240,12769,1.9,3500,16067,21.8,2790,1860,930,745,47957,25655,22302,5005,5.8,7.2,4.2,14.9,7848,2088,96,358,932,2202,272,1289,495,78,21,1,4,9,22,3,13,5,132,12,39303,3.4,9.1,16385,10,5,14,1,0,26,35,1,9,0,100,1649,782,2229,201,59,4181,5756,122,1408,0,16444,1980, -   ,11,13,5,9,13,5,3,1,1,24,3,2,10, -   ,215,265,95,180,260,100,55,20,10,470,55,40,190,9,14.6,27.5,374,302,356,286,393,316,655,201,0.05,59,18550,42,5590,47,20.33,48,14746,48,25641,60,5382,1028,63,0,0,3,37,5,30.34,43,19.91,47
D43,Old Bexley and Sidcup,81831,39035,42796,17,26,29,20,9,24.5,3336,1.1,100,91,1,2,0,0,0,0,2,0,0,1,1,1,0,1,0,77458,923,2123,956,676,835,882,53.6,97,5.7,35279,7,81,12,197,2163,8073,11472,8985,3009,1346,34,42000,19,29,37000,25,22,2740,47897,5.7,1970,52653,3.7,1545,47897,3.2,0.4,620,50186,1.2,410,25810,1.6,210,24376,0.9,195,8581,2.3,310,29420,1.1,115,12185,0.9,2565,19283,13.3,1490,1005,485,440,39050,21376,17675,4886,3.8,4.7,2.7,9,4454,961,43,85,717,1429,250,752,178,54,12,1,1,9,18,3,9,2,108,9,35279,3.1,8.3,24654,8,3,11,0,0,32,40,1,5,0,100,2073,643,2751,83,87,7965,9747,119,1186,0,24525,2345,0,5,20,4,5,13,6,5,1,2,27,2,2,9,5,115,460,85,120,305,150,110,30,35,625,45,40,210,10,16.2,28.8,409,324,401,317,420,330,721,209,0.02,66,6850,72,2797,72,11.39,67,23047,66,23024,68,6470,1340,55,0,0,1,8,2,11.7,71,10.84,70
D46,Orpington,88142,43070,45068,18,23,28,22,9,78.7,1120,1.1,100,92,1,2,0,0,1,0,1,0,0,0,1,0,0,1,0,82367,1016,1458,893,722,715,1035,62.6,83,2.9,37086,4,69,27,395,1220,5112,10674,9739,6263,3377,306,44000,18,32,39000,23,25,2585,50135,5.2,1990,56100,3.5,2015,50135,4,0.6,770,52953,1.5,560,27789,2,210,25164,0.8,250,8849,2.8,370,29984,1.2,150,14120,1.1,2340,21502,10.9,1445,1025,425,375,40443,22775,17668,4907,3.6,4.5,2.4,7.6,6423,1269,65,81,1171,2222,389,972,209,73,14,1,1,13,25,4,11,2,138,15,37086,3.7,10.9,78708,3,1,5,0,0,16,71,0,2,0,100,2615,788,3700,183,201,12875,56213,210,1917,7,78721,2835,1,6,14,3,7,13,7,3,1,2,29,2,1,9,40,180,405,90,185,370,210,95,35,55,830,45,35,245,8,15.8,28.8,434,332,420,326,455,340,749,210,0.06,57,8262,69,3093,70,11.94,66,23297,67,26663,54,3659,600,57,0,0,4,12,7,15.35,66,9.28,72
D56,Poplar and Limehouse,116999,59653,57347,19,40,28,10,3,12.4,9433,1.5,100,44,2,8,1,0,1,1,2,1,30,1,3,4,1,3,2,50566,2441,31092,6753,4002,502,2216,66.9,101,3.2,51117,25,62,14,820,11786,13697,10217,7559,4555,2114,369,37000,25,26,36000,30,25,4560,82174,5.5,5400,85133,6.3,7375,82174,9,2,3655,83595,4.4,2690,44098,6.1,965,39497,2.4,1025,13010,7.9,2140,60795,3.5,490,9790,5,4725,11126,42.5,5250,3790,1460,1555,59567,35641,23926,6215,8.8,10.6,6.1,25,11898,2890,115,376,935,4144,593,1470,1165,102,25,1,3,8,35,5,13,10,333,24,51117,6.5,7.2,15540,5,10,14,1,3,6,11,34,16,0,80,824,1531,2170,111,410,875,1775,5338,2505,0,12404,3780, -   ,6,4,1,7,8,8,4,3,4,39,2,1,12, -   ,215,150,35,280,305,300,150,95,165,1490,70,45,455,7,15,27.7,376,301,366,293,387,307,647,198,0.67,7,41068,5,8997,14,43.17,6,5821,8,32015,1,221,1,63,22,36,46,58,73,67.74,1,48.35,2
D61,Putney,88108,41871,46237,16,38,28,12,5,13,6772,1.1,100,68,3,13,1,1,1,1,2,2,0,1,3,3,1,1,2,66839,2619,3753,4427,2020,577,1538,59.7,107,1.3,39570,17,59,24,3025,3801,8873,8584,5963,4467,3696,1161,44000,19,33,43000,21,31,3015,61372,4.9,2790,64538,4.3,3150,61372,5.1,0.9,1020,62771,1.6,700,30906,2.3,320,31865,1,250,9835,2.5,600,44179,1.4,170,8757,1.9,2965,11852,25,1850,1190,655,410,46784,24985,21799,4258,4,4.8,3,9.6,6817,1405,76,361,833,2651,226,880,308,77,16,1,4,10,30,3,10,4,159,33,39570,4,20.8,12825,11,6,14,1,1,23,35,2,9,0,101,1363,755,1816,159,60,2889,4492,196,1094,0,13011,3025, -   ,5,4,2,6,11,6,3,1,2,40,2,2,18, -   ,140,120,45,180,345,195,75,20,45,1205,60,55,550,5,15.6,28.5,369,304,334,280,406,331,705,211,0.09,47,12885,56,4411,57,18.51,54,16888,54,26796,52,4027,678,53,0,0,5,24,9,29.77,44,21.89,36
D70,Richmond Park,113413,55611,57802,19,28,31,16,6,38.2,2971,1.5,100,74,3,12,0,0,1,1,3,1,0,1,0,1,0,1,2,93761,2672,5244,1260,3319,676,1766,67.8,78,2.3,49598,3,59,39,147,1079,6558,11198,11299,7737,8481,3099,49000,14,39,46000,16,35,2410,71608,3.4,2250,77156,2.9,2180,71608,3,0.6,705,74267,0.9,470,38087,1.2,235,36180,0.6,155,9971,1.6,415,48935,0.8,135,15361,0.9,2735,18864,14.5,1400,910,485,255,55804,31158,24646,3669,2.5,2.9,2,6.9,5820,918,76,156,985,2369,246,807,214,51,8,1,1,9,21,2,7,2,198,24,49598,4,12.1,37836,7,2,9,1,1,20,53,3,4,0,101,2622,895,3360,366,184,7573,19864,1297,1674,0,38177,5495,0,5,3,2,5,11,6,2,1,1,44,2,1,18,20,245,170,100,290,590,325,95,25,75,2435,100,75,975,4,16.7,29.8,418,328,384,310,447,345,786,218,0.01,72,9563,66,3403,67,10.25,70,24075,70,20876,72,6967,1479,71,0,0,0,6,0,12.32,68,12.86,66
D74,Romford,92341,44833,47509,18,29,28,18,7,29.4,3140,1.2,100,91,2,2,0,0,0,0,1,0,0,0,1,1,0,0,0,83622,916,1678,1392,530,860,1222,60,109,3.3,39321,15,76,9,1244,4677,9091,15656,5276,2213,1127,37,41000,21,27,36000,26,21,3320,56442,5.9,2765,61443,4.5,2545,56442,4.5,0.7,995,58917,1.7,655,30116,2.2,340,28801,1.2,315,10375,3,495,35052,1.4,180,13490,1.3,3495,18343,19.1,2155,1460,685,605,46115,25409,20706,6394,4.7,5.7,3.3,9.5,8897,1743,99,202,1106,3685,421,1023,519,96,19,1,2,12,40,5,11,6,141,6,39321,3.6,4.3,29333,8,3,10,1,1,29,45,0,5,0,100,2237,848,2846,157,179,8384,13163,120,1399,0,29406,2815,0,6,19,4,7,18,6,5,1,2,20,2,1,8,5,175,535,125,185,500,165,150,40,65,560,50,35,215,11,15.7,28.2,406,315,385,304,427,325,752,202,0.03,63,10390,65,3946,63,15.25,63,19128,62,24607,63,4446,780,59,0,0,1,18,2,17.04,63,15.33,59
D80,"Ruislip, Northwood and Pinner",91657,43954,47702,17,23,31,20,9,49.5,1851,1.2,100,76,3,5,0,0,1,1,8,1,0,2,1,1,0,1,1,74563,1732,9741,1623,1674,775,1065,58.5,78,0,38392,3,57,40,119,1061,6109,6852,8739,8521,6341,650,45000,16,33,41000,21,27,2550,53429,4.8,2115,58822,3.6,1900,53429,3.6,0.5,565,55998,1,335,28685,1.2,230,27313,0.8,185,7461,2.5,305,34303,0.9,75,14234,0.5,2610,21343,12.2,1335,885,450,325,42917,23629,19289,3271,3.1,3.7,2.3,9.9,5375,1030,50,119,825,1902,307,839,257,59,11,1,1,9,21,3,9,3,234,18,38392,6.1,7.7,49378,5,1,7,0,1,24,55,4,3,0,100,2587,648,3439,208,235,11697,27051,2170,1343,0,49517,3350,1,5,11,2,7,12,5,3,1,2,40,1,1,10,25,155,365,80,240,390,170,100,40,60,1330,45,35,335,7,16.3,29,457,350,438,340,471,358,773,213,0.01,70,8426,68,3190,68,11.06,68,23301,68,21760,70,7216,1536,60,0,0,0,13,0,14.7,67,10.84,69
E53,Streatham,111478,55472,56008,17,39,30,11,4,10.5,10662,1.5,100,52,3,9,2,1,1,1,3,2,1,1,11,9,2,1,1,65685,4922,6754,22775,2069,643,1985,61.9,107,4,47788,25,63,12,1283,10567,13691,11027,5541,3258,2298,123,41000,21,28,39000,25,26,4000,79401,5,4485,82595,5.4,5785,79401,7.3,1.6,2575,80917,3.2,1780,41474,4.3,795,39443,2,495,11159,4.4,1670,59283,2.8,410,10475,3.9,3900,12712,30.7,4320,2885,1435,920,61098,32904,28194,5507,7.1,8.8,5.1,16.7,10045,2238,187,783,1490,3007,319,1256,626,90,20,2,7,13,27,3,11,6,213,48,47788,4.5,22.5,10388,17,6,19,1,1,32,15,0,9,0,101,1763,618,1988,97,65,3371,1583,16,886,0,10455,2405, -   ,5,5,2,5,12,8,2,1,1,37,2,3,20, -   ,115,115,40,120,290,190,40,15,20,885,50,60,470,4,14.8,27.8,388,300,378,292,400,310,665,204,0.37,23,22740,28,8317,22,32.18,19,7832,16,29499,33,2445,302,67,0,5,24,65,36,40.61,21,31.8,16
E59,Sutton and Cheam,92108,45189,46920,17,29,30,17,7,18.4,5019,1.2,100,83,2,4,1,0,1,1,3,1,0,2,1,1,0,1,1,78508,1801,4676,1719,1640,777,1255,61.1,95,4,40122,8,77,15,340,2935,11478,13198,6317,3403,2232,219,43000,18,31,40000,22,26,2615,57658,4.5,2110,62509,3.4,1855,57658,3.2,0.5,730,60002,1.2,490,31234,1.6,240,28768,0.8,145,9548,1.5,440,37781,1.2,145,12673,1.1,2665,17846,14.9,1615,1105,510,380,47686,26284,21402,5506,3.4,4.2,2.4,6.9,6362,1307,72,142,636,2647,240,992,262,69,14,1,2,7,29,3,11,3,141,15,40122,3.5,10.6,18347,11,4,14,1,1,44,20,0,6,0,100,2091,691,2559,129,90,8051,3590,11,1135,0,18355,3045,0,5,13,3,6,15,6,3,1,2,31,1,2,11,10,160,395,90,185,455,190,75,35,60,950,40,50,330,7,16.3,29,434,340,421,333,446,347,775,212,0.02,65,7552,70,3126,69,10.96,69,23481,69,23055,67,6395,1326,60,0,0,1,7,2,11.73,70,12.23,68
E73,Tooting,100771,49704,51066,16,40,30,11,4,11.2,8974,1.3,100,62,3,8,1,0,1,1,5,3,1,3,6,4,1,1,1,67695,3208,10517,9705,1912,605,1907,63.7,112,3.7,42708,13,74,14,804,4557,13648,11264,6568,2664,2845,358,44000,17,33,42000,21,29,3350,72255,4.6,3290,75254,4.4,3640,72255,5,1,1360,73681,1.8,910,37360,2.4,450,36321,1.2,250,9937,2.5,860,54521,1.6,250,9223,2.7,3390,11696,29,2460,1635,830,530,55835,29838,25997,4822,4.4,5.5,3.2,11,8384,1883,116,396,1154,2970,247,981,502,83,19,1,4,12,30,3,10,5,168,24,42708,3.9,14.3,11355,16,5,17,1,2,26,25,0,7,0,99,1793,600,1915,125,258,2948,2849,50,816,0,11231,2795,0,5,6,3,6,15,7,2,1,1,35,2,2,16,5,150,155,70,170,415,195,55,25,30,965,55,65,450,5,15.3,28.4,403,319,410,315,392,323,676,207,0.04,60,15306,48,5545,48,20.42,47,14479,47,25510,61,4932,909,63,0,0,2,45,3,27.39,46,27.08,28
E77,Tottenham,118100,57842,60256,21,37,27,12,4,13.1,8991,1.5,100,34,4,17,2,1,1,2,3,1,2,2,14,13,2,1,2,60367,5407,8367,31320,4012,562,2435,77.9,101,6.2,49009,32,67,2,3669,11960,17592,11608,3454,644,68,14,31000,34,14,28000,41,12,5810,78331,7.4,7195,81909,8.8,10045,78331,12.8,2.8,4025,79962,5,2740,40483,6.8,1285,39479,3.3,1025,15085,6.8,2435,53959,4.5,565,10918,5.2,6025,13514,44.6,5730,3950,1790,1290,50745,28214,22530,5464,11.3,14,7.9,23.6,13802,3154,174,643,1904,3954,654,1755,1404,117,27,2,5,16,34,6,15,12,225,42,49009,4.6,18.7,13169,15,8,18,1,3,23,23,1,8,0,100,1987,1046,2339,156,325,3006,3077,160,1074,0,13134,2485, -   ,14,6,4,14,18,6,3,1,1,20,3,2,9, -   ,335,155,90,335,440,155,75,20,20,505,75,55,225,7,14.1,26.2,347,285,322,268,372,302,592,197,0.76,5,45292,1,12777,2,43.51,5,4230,5,31524,4,547,10,72,10,32,58,72,81,60.49,3,41.29,7
E80,Twickenham,110817,53822,56995,18,29,31,16,6,29.5,3760,1.4,100,81,3,7,0,0,1,1,3,1,0,1,0,0,0,1,1,94109,2194,4542,950,1883,745,1726,66.5,88,1.7,47182,4,70,26,399,1252,8378,12237,12439,6329,5476,672,48000,14,38,45000,17,34,2520,70945,3.6,2435,76291,3.2,2160,70945,3,0.6,760,73592,1,475,37274,1.3,285,36318,0.8,185,11264,1.6,405,46603,0.9,170,15725,1.1,2605,18335,14.2,1550,995,550,290,56856,30534,26322,4734,2.7,3.3,2.1,6.1,7464,1431,74,102,1099,2878,311,1063,432,67,13,1,1,10,26,3,10,4,159,30,47182,3.4,18.9,29538,8,3,11,1,1,24,42,5,6,0,100,2414,940,3108,249,191,7166,12315,1399,1755,0,29472,4700, -   ,5,5,2,5,10,6,2,1,1,43,2,1,17, -   ,245,250,95,225,460,275,100,35,50,2005,75,55,800,5,17,29.6,456,352,429,338,469,358,768,217,0.01,71,9155,67,3578,66,9.25,72,25275,72,20959,71,8112,1753,68,0,0,0,6,0,12.29,69,12.43,67
E82,Uxbridge and South Ruislip,95644,47191,48452,19,31,28,16,6,30,3183,1.2,100,79,3,3,1,0,1,1,5,1,1,1,1,1,0,1,1,76543,1952,7392,2217,1534,710,1420,63.2,97,4.2,38187,4,87,9,198,1491,8448,16061,8515,2417,1023,34,39000,21,26,35000,27,20,3225,60467,5.3,2750,64804,4.2,2995,60467,5,0.8,985,62558,1.6,630,32192,2,355,30366,1.2,320,11791,2.7,500,38458,1.3,165,12309,1.3,2915,16355,17.8,2260,1505,750,600,46002,25436,20566,4771,4.9,5.9,3.6,12.6,9455,2288,98,214,1229,3310,395,1291,512,99,24,1,2,13,35,4,14,5,180,27,38187,4.7,15,30079,7,4,11,1,2,24,42,2,9,0,100,2073,1259,3229,195,466,7161,12527,569,2599,0,30032,3305,0,7,12,5,8,14,7,5,2,1,27,2,1,10,10,245,400,155,255,450,215,170,55,40,890,55,35,315,12,15.6,28.1,406,314,392,304,421,324,705,199,0.01,69,12179,60,4286,59,16.25,61,18061,57,23696,66,7181,1527,59,0,0,0,26,0,22.45,54,15.83,57
E83,Vauxhall,109990,54984,55006,18,39,29,10,4,9,12218,1.4,100,47,3,11,2,1,1,1,1,0,1,1,11,15,2,2,2,60864,4453,3041,28057,3122,595,1507,48.1,113,4.6,49766,34,54,13,2512,14166,13194,9603,4092,3391,2343,465,36000,27,22,35000,31,21,4550,77313,5.9,5525,80333,6.9,6875,77313,8.9,1.9,2605,78710,3.3,1870,40131,4.7,735,38579,1.9,610,12943,4.7,1570,55849,2.8,425,9918,4.3,4655,11803,39.4,4180,2825,1370,935,56884,30568,26316,6333,7.3,9.2,5.2,14.8,15533,3290,193,892,1418,6051,325,1402,1724,141,30,2,8,13,55,3,13,16,210,51,49766,4.2,24.3,8773,14,13,22,1,1,17,16,3,14,0,103,1233,1161,1906,117,91,1461,1367,223,1215,0,9001,4040, -   ,6,3,2,5,10,10,3,1,1,31,2,3,24, -   ,235,120,60,180,420,415,100,40,55,1250,65,135,970,5,14.1,27.2,389,308,364,290,415,326,643,205,0.58,10,26757,17,9784,10,36.88,11,6072,10,29968,25,1681,155,67,0,10,43,66,64,45.88,14,35.46,10
E88,Walthamstow,94477,46117,48361,22,30,31,13,4,16.2,5845,1.2,100,50,3,7,2,1,1,1,3,11,1,3,9,6,2,1,1,53553,3516,16131,15359,1943,589,2222,96.2,109,5,41065,39,61,0,1062,14961,16573,7465,937,37,18,12,36000,26,21,33000,32,18,4170,59982,7,4305,63372,6.8,5585,59982,9.3,1.5,2785,61568,4.5,1945,30903,6.3,840,30665,2.7,725,9480,7.6,1655,41501,4,405,10587,3.8,4285,12500,34.3,3995,2715,1270,945,43231,23474,19757,4044,9.2,11.6,6.4,23.4,12743,2735,135,821,1481,4456,551,1353,1040,135,29,1,9,16,47,6,14,11,171,39,41065,4.2,22.8,16126,11,6,13,1,1,19,30,12,9,0,100,1724,897,2019,124,108,3087,4791,1992,1386,0,16165,2400, -   ,12,7,3,11,21,6,3,1,1,21,3,3,10, -   ,290,175,75,260,495,135,65,15,25,495,65,60,245,7,14.6,27.2,380,306,356,294,403,318,654,203,0.51,14,25710,19,7568,27,36.09,13,6418,12,30650,15,634,16,59,2,10,31,59,53,41.97,20,33.13,13
F08,West Ham,136111,66046,70064,23,37,26,11,4,17.6,7743,1.8,100,38,1,5,1,1,1,1,8,6,8,2,8,16,1,1,3,55024,4659,29219,31261,4557,789,2916,79.6,120,4.1,53706,39,60,1,2811,18065,23448,8343,653,300,73,13,32000,32,16,28000,40,12,7045,88429,8,6965,92559,7.5,9320,88429,10.5,2.6,4010,90456,4.4,2860,44900,6.4,1150,45556,2.5,1190,17111,7,2350,60282,3.9,470,13063,3.6,6505,14950,43.5,5835,4060,1770,1590,63515,35394,28121,7816,9.2,11.5,6.3,20.3,18359,4018,241,1091,1961,6580,846,2073,1330,135,30,2,8,14,48,6,15,10,261,39,53706,4.9,14.9,17418,12,8,18,2,2,18,19,4,17,0,101,2154,1437,3147,268,370,3095,3247,669,3031,0,17586,2610, -   ,9,8,3,8,19,8,4,1,1,21,3,4,10, -   ,225,205,75,210,485,210,95,35,35,550,70,95,270,8,14.7,27.2,361,300,337,284,383,314,614,196,0.82,2,45225,2,11521,3,44.28,3,3847,3,31482,5,504,7,81,10,34,74,81,91,53.48,6,43.02,4
F12,Westminster North,110208,52303,57907,16,34,31,14,6,8,13815,1.4,100,44,4,20,1,1,2,2,3,1,4,2,5,5,1,2,5,63724,4419,9184,9333,6203,598,1730,55.3,80,1.7,56754,8,62,30,923,3648,9968,13630,11325,6285,7271,3704,41000,21,29,42000,22,29,5425,75480,7.2,6395,79943,8,7365,75480,9.8,2,1900,77584,2.4,1220,37621,3.2,680,39963,1.7,420,7847,5.4,1125,57220,2,355,12517,2.8,5255,16637,31.6,2840,1845,995,560,53339,28295,25043,3151,5.3,6.5,4,17.8,11657,2230,128,505,1145,4583,393,1068,1443,106,20,1,5,10,42,4,10,13,273,36,56754,4.8,13.2,7969,15,10,23,2,1,16,22,2,10,0,100,1183,759,1793,148,103,1304,1737,158,784,0,7978,4605,0,4,2,1,7,12,10,3,1,2,38,2,2,18,5,180,105,45,300,555,440,125,35,85,1770,75,85,815,5,14.7,27.9,387,313,368,302,400,320,679,208,0.4,18,27633,13,8951,15,31.78,21,9588,25,31166,9,927,42,60,5,15,24,46,40,48.71,9,30.69,17
F16,Wimbledon,97657,48049,49607,17,30,32,16,6,21.2,4614,1.3,100,68,3,11,0,0,1,1,4,2,1,2,1,1,0,1,2,76357,2379,8534,2272,3288,599,1579,67.3,78,1.9,39919,6,70,25,262,2023,7159,10240,10442,4446,3858,1489,48000,14,37,45000,17,32,1900,63986,3,1650,68401,2.4,1410,63986,2.2,0.4,660,66098,1,425,33973,1.3,235,32125,0.7,150,7951,1.9,395,45243,0.9,115,12904,0.9,2260,16131,14,1160,770,395,245,51108,28079,23030,3656,2.3,2.7,1.7,6.7,6383,1293,62,162,958,2474,250,784,326,65,13,1,2,10,25,3,8,3,183,21,39919,4.6,11.5,21133,10,5,12,1,2,29,34,1,7,0,100,2118,1025,2569,183,324,6014,7217,155,1528,0,21165,4180, -   ,6,6,3,6,11,5,2,1,1,43,1,1,13, -   ,230,250,105,250,470,220,100,35,55,1785,55,60,550,6,16.2,29.1,420,332,402,320,445,350,783,215,0,73,7188,71,2901,71,8.73,73,25709,73,18826,73,7841,1682,61,0,0,0,5,0,11.46,73,13.41,65
H,London,7673219,3748890,3924335,19,32,29,15,6,1594.7,4812,100,100,60,3,8,1,1,1,1,6,2,2,2,5,5,1,1,2,5103203,226110,866691,782854,193234,50476,127651,67.2,95,4.3,3278746,17,68,16,111767,444517,883049,833934,498585,249728,201005,56161,39000,23,26,36000,28,22,299415,4970075,6,307885,5285731,5.8,365255,4970075,7.3,100,134395,5121417,2.6,91440,2603766,3.5,42955,2517651,1.7,35815,813656,4.4,78170,3386366,2.3,20370,921395,2.2,293585,1181178,24.9,225260,151210,74040,54950,3700477,2032643,1667834,356528,6.1,7.4,4.4,15.4,813349,170359,8684,31113,94938,306120,35883,89720,65230,106,22.2,1.1,4.1,12.4,39.9,4.7,11.7,8.5,15339,2067,3278746,4.7,13.5,1596244,9,5,12,1,1,24,38,3,8,0,100,138961,75319,195990,12312,17121,380654,610160,45288,120418,20,1594720,303720,0,6,6,2,7,12,7,3,1,3,36,2,2,13,690,17955,18015,6515,22015,36800,21320,9265,3325,7920,110065,4790,4820,40230,6,15,27.8,392,312,374,300,409,324,685.5,206.6,,,,,,,,,,,,,,,4765,,,1351,,28,33.9,,23,
941,England and Wales,54439654,26780266,27659388,18,26,28,20,8,154168,353,709.5,100,88,1,3,1,0,0,0,2,1,1,1,1,1,0,0,0,47520866,661034,2273737,1139577,446702,507829,708459,63.8,100,4.7,23830164,44,47,9,5831148,4660373,5170221,3645469,2303861,1230844,845419,137678,,,,,,,,,,,,,,,,,,,,,,,,,,,,,,,,,,,,,,1447465,1056340,391120,430000,25080141,14010727,11069414,3361635,5.8,7.5,3.5,12.8,,,,,,,,,,,,,,,,,,,139939,12116,23830164,5.9,8.7,,,,,,,,,,,,,,,,,,,,,,,,1820120,6,8,9,4,6,14,7,4,1,2,26,2,2,9,104180,147880,169700,70425,114265,245870,132125,65970,21280,30065,474540,41310,32460,170050,9,,,,,,,,,,,,,,,,,,,,,,,,,,,,,,,,,,
921,England,,,,,,,,,,,,,,,,,,,,,,,,,,,,,,,,,,,,,,,,,,,,,,,,,,,,,,,,,3021225,30452630,9.9,2620525,33491526,7.8,2111470,30452630,6.9,578.1,869220,31937590,2.7,630225,16751046,3.8,238995,15186544,1.6,277515,6226458,4.5,462145,18048331,2.6,129380,7662801,1.7,2722585,11324103,24,,,,,,,,,,,,,,,,,,,,,,,,,,,,,,,,,,,,132323722,1,1,2,0,0,4,88,3,1,0,101,1507705,868949,2949588,143436,179350,5645140,115741625,3436199,1850205,1525,133037283,,,,,,,,,,,,,,,,,,,,,,,,,,,,,,,15.3,27.9,392,310,373,298,412,323,721.3,205.8,,,,,,,,,,,,,,,,,,,,,,,,
925,Great Britain,,,,,,,,,,,,,,,,,,,,,,,,,,,,,,,,,,,,,,,,,,,,,,,,,,,35000,29,20,32000,34,17,,,,,,,,,,,,,,,,,,,,,,,,,,,,,,,,,,,,,,,,,,,,,,,,,,,,,,,,,,,,,,,,,,,,,,,,,,,,,,,,,,,,,,,,,,,,,,,,,,,,,,,,,,,,,,,,,,,,,,,,,,,,,,,,,,,,,,,,,,,,,,,,,,,,,,,,,
